mapping matrix :
[0][0] = 66.666364, 1830.802388, -5.598633, 2.000000, -40.957491, 2462.117158
[0][1] = 67.558618, 1856.353177, -5.771851, 2.000000, -40.569204, 2481.815434
[0][2] = 68.461522, 1882.208979, -5.848145, 2.000000, -40.182441, 2501.713721
[0][3] = 69.384984, 1908.653483, -5.560669, 2.000000, -39.793165, 2521.612034
[0][4] = 70.324448, 1935.556190, -5.804810, 2.000000, -39.403556, 2542.810266
[0][5] = 71.278687, 1962.882027, -5.575195, 2.000000, -39.014313, 2563.708552
[0][6] = 72.248706, 1990.659747, -5.180542, 2.000000, -38.625213, 2584.806850
[0][7] = 73.239123, 2019.021580, -4.929932, 2.000000, -38.234640, 2606.705112
[0][8] = 74.188182, 2046.199049, -4.634155, 2.000000, -37.866611, 2627.703473
[0][9] = 75.037399, 2070.517470, -4.019409, 2.000000, -37.542374, 2646.002065
[0][10] = 75.903204, 2095.310871, -3.557373, 2.000000, -37.216647, 2665.000625
[0][11] = 76.779211, 2120.396418, -3.690430, 2.000000, -36.891971, 2685.299108
[0][12] = 77.402451, 2138.243688, -4.384521, 2.000000, -36.663924, 2700.797965
[0][13] = 78.354621, 2165.510271, -3.617188, 2.000000, -36.320168, 2721.496460
[0][14] = 79.259862, 2191.432978, -3.563965, 2.000000, -35.998476, 2742.394962
[0][15] = 80.198534, 2218.313012, -3.006836, 2.000000, -35.670074, 2763.293488
[0][16] = 81.132350, 2245.054028, -2.819824, 2.000000, -35.348492, 2784.791994
[0][17] = 82.084597, 2272.322797, -2.280029, 2.000000, -35.025722, 2806.190530
[0][18] = 83.056645, 2300.158627, -1.831665, 2.000000, -34.701507, 2828.289041
[0][19] = 84.036281, 2328.211722, -1.520996, 2.000000, -34.380035, 2850.887543
[0][20] = 85.048523, 2357.198549, -0.564331, 2.000000, -34.053311, 2873.186087
[0][21] = 86.069652, 2386.439835, 0.045410, 2.000000, -33.729212, 2896.384596
[0][22] = 87.109141, 2416.206905, 0.110840, 2.000000, -33.404831, 2921.083035
[0][23] = 88.167204, 2446.505885, -0.185913, 2.000000, -33.080276, 2946.981427
[0][24] = 89.239031, 2477.198989, -0.464233, 2.000000, -32.757156, 2973.279822
[0][25] = 90.338412, 2508.681136, -0.223145, 2.000000, -32.431511, 2999.378257
[0][26] = 91.452592, 2540.587095, 0.095581, 2.000000, -32.107322, 3025.776702
[0][27] = 92.577785, 2572.808396, 0.020630, 2.000000, -31.785756, 3053.275110
[0][28] = 93.732921, 2605.887172, 0.326172, 2.000000, -31.461583, 3080.873542
[0][29] = 94.904985, 2639.450672, 0.322021, 2.000000, -31.138675, 3109.571940
[0][30] = 96.040191, 2671.958730, 1.030273, 2.000000, -30.831560, 3136.070487
[0][31] = 97.026586, 2700.205393, 1.177124, 2.000000, -30.569109, 3160.069192
[0][32] = 98.007120, 2728.284197, 1.130005, 2.000000, -30.312190, 3184.367901
[0][33] = 99.013382, 2757.099787, 1.284424, 2.000000, -30.052565, 3208.966614
[0][34] = 100.035458, 2786.368205, 1.464844, 2.000000, -29.792958, 3233.965326
[0][35] = 101.078078, 2816.224943, 2.419800, 2.000000, -29.532300, 3257.964108
[0][36] = 102.127324, 2846.271407, 2.690918, 2.000000, -29.274144, 3283.562829
[0][37] = 103.199546, 2876.975827, 2.880005, 2.000000, -29.014555, 3309.961530
[0][38] = 104.301117, 2908.520689, 3.163574, 2.000000, -28.752205, 3336.960223
[0][39] = 105.397197, 2939.908329, 3.361816, 2.000000, -28.495437, 3364.058932
[0][40] = 106.530116, 2972.350885, 3.459473, 2.000000, -28.234421, 3392.357606
[0][41] = 107.675723, 3005.156764, 3.785156, 2.000000, -27.974911, 3420.556307
[0][42] = 108.840546, 3038.512941, 4.363647, 2.000000, -27.715508, 3448.755029
[0][43] = 110.019404, 3072.270999, 4.805664, 2.000000, -27.457455, 3477.653741
[0][44] = 111.238119, 3107.170451, 5.505981, 2.000000, -27.195298, 3507.052452
[0][45] = 112.465871, 3142.328671, 5.923340, 2.000000, -26.935835, 3537.351146
[0][46] = 113.709338, 3177.936907, 6.096313, 2.000000, -26.677683, 3568.649820
[0][47] = 114.988844, 3214.577152, 6.440674, 2.000000, -26.416795, 3600.548493
[0][48] = 116.284778, 3251.687854, 6.864502, 2.000000, -26.157344, 3632.747177
[0][49] = 117.611644, 3289.684322, 7.484497, 2.000000, -25.896566, 3665.345868
[0][50] = 118.957769, 3328.232282, 7.344360, 2.000000, -25.636907, 3700.244492
[0][51] = 120.336396, 3367.711008, 7.512085, 2.000000, -25.375967, 3735.343134
[0][52] = 121.741600, 3407.950773, 7.745483, 2.000000, -25.115055, 3771.041779
[0][53] = 123.166425, 3448.752445, 8.052002, 2.000000, -24.855576, 3807.140435
[0][54] = 124.611199, 3490.125362, 8.474731, 2.000000, -24.597545, 3843.539105
[0][55] = 126.093901, 3532.584389, 8.337646, 2.000000, -24.337916, 3882.337715
[0][56] = 127.605621, 3575.874378, 8.665405, 2.000000, -24.078455, 3920.836362
[0][57] = 129.139810, 3619.807812, 9.013062, 2.000000, -23.820406, 3959.935016
[0][58] = 130.609412, 3661.891707, 10.150513, 2.000000, -23.578061, 3995.433816
[0][59] = 131.794677, 3695.833236, 10.529175, 2.000000, -23.385968, 4025.432819
[0][60] = 132.989857, 3730.058714, 10.785400, 2.000000, -23.195237, 4056.031817
[0][61] = 134.213263, 3765.092475, 10.797119, 2.000000, -23.003024, 4088.030785
[0][62] = 135.446498, 3800.407730, 11.042114, 2.000000, -22.812293, 4119.729779
[0][63] = 136.699845, 3836.298882, 11.080933, 2.000000, -22.621496, 4152.528754
[0][64] = 137.991228, 3873.279261, 11.594238, 2.000000, -22.428048, 4185.127751
[0][65] = 139.276228, 3910.076843, 11.599487, 2.000000, -22.238647, 4218.926727
[0][66] = 140.610563, 3948.287194, 11.997192, 2.000000, -22.045162, 4253.025711
[0][67] = 141.928486, 3986.027568, 12.021606, 2.000000, -21.857174, 4287.724694
[0][68] = 143.307993, 4025.531490, 12.257202, 2.000000, -21.663642, 4323.523661
[0][69] = 144.681861, 4064.873915, 11.829590, 2.000000, -21.474117, 4361.022598
[0][70] = 146.099028, 4105.456269, 11.770020, 2.000000, -21.281902, 4398.721547
[0][71] = 147.529212, 4146.411362, 12.141235, 2.000000, -21.091222, 4435.620536
[0][72] = 148.996137, 4188.418618, 12.051147, 2.000000, -20.899003, 4474.819480
[0][73] = 150.488138, 4231.143931, 12.357178, 2.000000, -20.706903, 4513.618453
[0][74] = 151.996403, 4274.334982, 12.336670, 2.000000, -20.516111, 4553.817407
[0][75] = 153.531201, 4318.285861, 12.544678, 2.000000, -20.325387, 4594.116377
[0][76] = 155.105905, 4363.379464, 12.547729, 2.000000, -20.133204, 4636.115323
[0][77] = 156.687541, 4408.671611, 11.914917, 2.000000, -19.943650, 4680.214237
[0][78] = 158.321034, 4455.448732, 11.813721, 2.000000, -19.751445, 4724.213173
[0][79] = 159.948775, 4502.061127, 11.613281, 2.000000, -19.563423, 4768.412124
[0][80] = 161.642901, 4550.574551, 11.990967, 2.000000, -19.371352, 4812.711091
[0][81] = 163.369560, 4600.019601, 12.402954, 2.000000, -19.179291, 4857.810060
[0][82] = 165.104308, 4649.696287, 12.635376, 2.000000, -18.989987, 4903.709030
[0][83] = 166.888328, 4700.783926, 11.889404, 2.000000, -18.799025, 4954.007923
[0][84] = 168.705196, 4752.812226, 12.096069, 2.000000, -18.608316, 5002.306881
[0][85] = 170.572499, 4806.284777, 12.145264, 2.000000, -18.416165, 5052.505819
[0][86] = 172.420933, 4859.217014, 12.458252, 2.000000, -18.229693, 5101.404805
[0][87] = 173.331316, 4885.286960, 15.101929, 2.000000, -18.139187, 5117.504475
[1][0] = 129.315173, 1799.691799, -5.463623, 4.000000, -41.386593, 2440.919044
[1][1] = 129.912831, 1808.238700, -1.008667, 4.000000, -41.253531, 2440.619071
[1][2] = 131.668347, 1833.343761, -0.949829, 4.000000, -40.866721, 2459.517388
[1][3] = 133.464661, 1859.032248, -0.985962, 4.000000, -40.477075, 2479.115669
[1][4] = 135.295399, 1885.213019, -0.769775, 4.000000, -40.086250, 2498.813969
[1][5] = 137.136231, 1911.538138, -0.732422, 4.000000, -39.699555, 2519.012253
[1][6] = 139.006738, 1938.287632, -0.605469, 4.000000, -39.312962, 2539.510539
[1][7] = 140.914634, 1965.571812, -0.335571, 4.000000, -38.925099, 2560.308829
[1][8] = 142.876297, 1993.624910, -0.183350, 4.000000, -38.532971, 2582.007074
[1][9] = 144.850449, 2021.856598, -0.120117, 4.000000, -38.145035, 2604.105317
[1][10] = 146.886835, 2050.978278, 0.323120, 4.000000, -37.751758, 2626.403573
[1][11] = 148.693445, 2076.814001, -0.027832, 4.000000, -37.408596, 2647.501951
[1][12] = 150.427773, 2101.616046, 0.269653, 4.000000, -37.084144, 2666.800489
[1][13] = 152.188235, 2126.791830, 0.553589, 4.000000, -36.759701, 2686.499019
[1][14] = 153.968097, 2152.245032, 0.719482, 4.000000, -36.436607, 2706.697534
[1][15] = 155.790353, 2178.304507, 1.104004, 4.000000, -36.110854, 2727.096056
[1][16] = 157.634049, 2204.670592, 1.211426, 4.000000, -35.786356, 2748.294544
[1][17] = 159.538560, 2231.906366, 1.604858, 4.000000, -35.456424, 2769.793034
[1][18] = 161.416349, 2258.759998, 1.864136, 4.000000, -35.136263, 2791.291547
[1][19] = 163.357812, 2286.524220, 2.138794, 4.000000, -34.810506, 2813.590029
[1][20] = 165.330332, 2314.732561, 2.667358, 4.000000, -34.484906, 2835.888534
[1][21] = 167.308674, 2343.024171, 3.444824, 4.000000, -34.163668, 2857.887083
[1][22] = 169.338675, 2372.054540, 3.932251, 4.000000, -33.839468, 2881.085577
[1][23] = 171.420274, 2401.822791, 4.691162, 4.000000, -33.512616, 2904.484082
[1][24] = 173.513497, 2431.757275, 4.578369, 4.000000, -33.189520, 2929.682498
[1][25] = 175.642023, 2462.196621, 4.747559, 4.000000, -32.866590, 2954.880942
[1][26] = 177.826438, 2493.435208, 5.056763, 4.000000, -32.540937, 2980.579382
[1][27] = 180.022828, 2524.845049, 4.848145, 4.000000, -32.219245, 3007.477777
[1][28] = 182.276792, 2557.078241, 5.061768, 4.000000, -31.894975, 3034.376201
[1][29] = 184.572060, 2589.902097, 5.270508, 4.000000, -31.570715, 3061.874619
[1][30] = 186.908639, 2623.316736, 5.838989, 4.000000, -31.246641, 3089.273070
[1][31] = 189.279293, 2657.218666, 6.250488, 4.000000, -30.923903, 3117.471504
[1][32] = 191.716829, 2692.077058, 6.460205, 4.000000, -30.598270, 3146.969897
[1][33] = 193.824926, 2722.224253, 6.281982, 4.000000, -30.321604, 3173.268488
[1][34] = 195.813867, 2750.667421, 6.306763, 4.000000, -30.064699, 3197.767198
[1][35] = 197.832836, 2779.540029, 6.597290, 4.000000, -29.807923, 3222.165931
[1][36] = 199.949685, 2809.812381, 7.366211, 4.000000, -29.542944, 3246.864669
[1][37] = 202.056088, 2839.935340, 7.945801, 4.000000, -29.283498, 3271.863411
[1][38] = 204.164808, 2870.091448, 7.688965, 4.000000, -29.027895, 3298.662083
[1][39] = 206.365319, 2901.560227, 7.875366, 4.000000, -28.765478, 3325.760763
[1][40] = 208.578629, 2933.212034, 8.072388, 4.000000, -28.505878, 3353.059454
[1][41] = 210.853614, 2965.745824, 8.286621, 4.000000, -28.243484, 3381.158129
[1][42] = 213.141951, 2998.470572, 8.702515, 4.000000, -27.983987, 3409.056834
[1][43] = 215.444673, 3031.401035, 8.995361, 4.000000, -27.727250, 3437.455539
[1][44] = 217.837586, 3065.621286, 9.563721, 4.000000, -27.465016, 3466.454237
[1][45] = 220.221048, 3099.706373, 9.963135, 4.000000, -27.208328, 3495.752945
[1][46] = 222.644544, 3134.363986, 10.843872, 4.000000, -26.951838, 3524.551695
[1][47] = 225.125815, 3169.847820, 11.441650, 4.000000, -26.693829, 3554.750406
[1][48] = 227.665966, 3206.173660, 11.993652, 4.000000, -26.434401, 3585.849102
[1][49] = 230.391320, 3245.148041, 13.257324, 4.000000, -26.161215, 3617.747787
[1][50] = 232.214747, 3271.224262, 12.682617, 4.000000, -25.981350, 3642.346789
[1][51] = 234.886790, 3309.436254, 13.160522, 4.000000, -25.721898, 3675.445467
[1][52] = 237.580589, 3347.959386, 13.437622, 4.000000, -25.465180, 3709.344137
[1][53] = 240.430293, 3388.712051, 14.041016, 4.000000, -25.198762, 3744.542783
[1][54] = 243.275551, 3429.401134, 14.515381, 4.000000, -24.937911, 3780.041442
[1][55] = 246.146072, 3470.451496, 14.856567, 4.000000, -24.679821, 3816.240100
[1][56] = 249.106028, 3512.780839, 15.080566, 4.000000, -24.418885, 3853.938729
[1][57] = 252.109467, 3555.732009, 15.317261, 4.000000, -24.159360, 3892.237364
[1][58] = 255.174695, 3599.566815, 15.419678, 4.000000, -23.899793, 3931.735984
[1][59] = 258.335987, 3644.775396, 15.852295, 4.000000, -23.637537, 3971.734615
[1][60] = 261.513118, 3690.210496, 15.953735, 4.000000, -23.379380, 4012.833236
[1][61] = 264.207107, 3728.736333, 15.728394, 4.000000, -23.164617, 4048.532061
[1][62] = 266.585749, 3762.752492, 15.949463, 4.000000, -22.978069, 4079.031074
[1][63] = 269.128273, 3799.112273, 16.432861, 4.000000, -22.781788, 4111.030053
[1][64] = 271.639104, 3835.018841, 16.690796, 4.000000, -22.591045, 4143.229043
[1][65] = 274.208836, 3871.767720, 17.065552, 4.000000, -22.398939, 4175.928032
[1][66] = 276.782936, 3908.579065, 17.284546, 4.000000, -22.209588, 4209.127022
[1][67] = 279.436664, 3946.529145, 17.834229, 4.000000, -22.017538, 4242.526022
[1][68] = 282.058728, 3984.026404, 17.605469, 4.000000, -21.830856, 4277.624988
[1][69] = 284.860835, 4024.098400, 18.345459, 4.000000, -21.634656, 4312.523977
[1][70] = 287.695252, 4064.632455, 18.186890, 4.000000, -21.439582, 4350.322900
[1][71] = 290.514376, 4104.947797, 18.483154, 4.000000, -21.248858, 4386.721880
[1][72] = 293.382688, 4145.966571, 18.666016, 4.000000, -21.058102, 4424.120849
[1][73] = 296.343085, 4188.302225, 19.118652, 4.000000, -20.864620, 4462.019823
[1][74] = 299.294355, 4230.507349, 18.691284, 4.000000, -20.675089, 4502.318750
[1][75] = 302.296209, 4273.435859, 18.593506, 4.000000, -20.485659, 4542.417702
[1][76] = 305.419687, 4318.103684, 18.588989, 4.000000, -20.292049, 4583.916636
[1][77] = 308.485779, 4361.950843, 18.305420, 4.000000, -20.105377, 4625.515587
[1][78] = 311.744199, 4408.548410, 19.018555, 4.000000, -19.910573, 4666.814565
[1][79] = 314.923742, 4454.018001, 18.875366, 4.000000, -19.723945, 4709.613523
[1][80] = 318.309755, 4502.440246, 18.569458, 4.000000, -19.528858, 4755.712423
[1][81] = 321.637215, 4550.025128, 18.027710, 4.000000, -19.340726, 4801.811344
[1][82] = 325.127182, 4599.933982, 17.964478, 4.000000, -19.147117, 4848.710267
[1][83] = 328.556136, 4648.970309, 17.784180, 4.000000, -18.960493, 4895.209219
[1][84] = 332.207069, 4701.181095, 18.163940, 4.000000, -18.765602, 4943.008163
[1][85] = 335.825320, 4752.924495, 18.191284, 4.000000, -18.576232, 4991.507112
[1][86] = 339.569129, 4806.463447, 18.515503, 4.000000, -18.384133, 5040.806065
[1][87] = 343.278978, 4859.516768, 18.364136, 4.000000, -18.197525, 5091.205015
[2][0] = 196.929037, 1833.625900, -5.899414, 6.000000, -40.775841, 2471.616323
[2][1] = 199.629697, 1859.320967, -5.837036, 6.000000, -40.386344, 2491.214621
[2][2] = 202.364045, 1885.336550, -5.864990, 6.000000, -39.998230, 2511.312904
[2][3] = 205.171586, 1912.048515, -5.602295, 6.000000, -39.606143, 2531.611196
[2][4] = 207.995909, 1938.920156, -5.570801, 6.000000, -39.218150, 2552.509467
[2][5] = 210.866398, 1966.231035, -5.376343, 6.000000, -38.830303, 2573.607750
[2][6] = 213.827418, 1994.403259, -5.063232, 6.000000, -38.436945, 2595.306013
[2][7] = 216.654468, 2021.300844, -4.565308, 6.000000, -38.067629, 2615.804398
[2][8] = 219.177645, 2045.307263, -4.442017, 6.000000, -37.743064, 2634.702932
[2][9] = 221.727948, 2069.571778, -4.569458, 6.000000, -37.419767, 2654.301434
[2][10] = 224.336397, 2094.389511, -4.255859, 6.000000, -37.093959, 2673.699972
[2][11] = 226.984299, 2119.582616, -3.953979, 6.000000, -36.768161, 2693.498502
[2][12] = 229.640493, 2144.854611, -4.221069, 6.000000, -36.446250, 2714.396974
[2][13] = 232.369065, 2170.815243, -3.750122, 6.000000, -36.120590, 2734.695511
[2][14] = 235.141502, 2197.193220, -3.503906, 6.000000, -35.794810, 2755.794014
[2][15] = 237.921618, 2223.644254, -3.349976, 6.000000, -35.473206, 2777.192519
[2][16] = 240.769686, 2250.741814, -3.014893, 6.000000, -35.148913, 2798.891027
[2][17] = 243.688959, 2278.516840, -2.657471, 6.000000, -34.821837, 2821.189517
[2][18] = 246.680539, 2306.979823, -1.988037, 6.000000, -34.492139, 2843.588024
[2][19] = 249.671828, 2335.440035, -1.615723, 6.000000, -34.167903, 2866.586515
[2][20] = 252.700093, 2364.252058, -1.258301, 6.000000, -33.845075, 2889.985005
[2][21] = 255.794477, 2393.693150, -1.172974, 6.000000, -33.520709, 2914.483450
[2][22] = 258.928025, 2423.506864, -1.031494, 6.000000, -33.197792, 2939.281902
[2][23] = 262.130590, 2453.977240, -1.029663, 6.000000, -32.873413, 2964.980325
[2][24] = 265.376094, 2484.856151, -1.167969, 6.000000, -32.550382, 2991.378734
[2][25] = 268.691363, 2516.398822, -0.845947, 6.000000, -32.226196, 3017.577182
[2][26] = 272.066385, 2548.510013, -0.487427, 6.000000, -31.902038, 3044.275628
[2][27] = 275.474132, 2580.932565, -0.311890, 6.000000, -31.580609, 3071.674061
[2][28] = 279.004122, 2614.518169, 0.169067, 6.000000, -31.253722, 3099.572495
[2][29] = 282.554388, 2648.296694, 0.623169, 6.000000, -30.931042, 3127.770940
[2][30] = 286.012519, 2681.198611, 1.191040, 6.000000, -30.622461, 3155.069460
[2][31] = 288.937946, 2709.032191, 1.544556, 6.000000, -30.365726, 3178.468213
[2][32] = 291.925674, 2737.458528, 1.731079, 6.000000, -30.107516, 3202.766937
[2][33] = 295.008818, 2766.792687, 2.141113, 6.000000, -29.845202, 3227.465659
[2][34] = 298.090449, 2796.112439, 2.620728, 6.000000, -29.587134, 3252.064406
[2][35] = 301.204637, 2825.741966, 3.012573, 6.000000, -29.330434, 3277.163147
[2][36] = 304.438747, 2856.512468, 3.381470, 6.000000, -29.068112, 3303.361853
[2][37] = 307.727029, 2887.798380, 3.658081, 6.000000, -28.805755, 3330.260545
[2][38] = 311.016707, 2919.097569, 3.873169, 6.000000, -28.547587, 3357.359249
[2][39] = 314.361468, 2950.920843, 4.051514, 6.000000, -28.289409, 3385.057946
[2][40] = 317.780789, 2983.453515, 4.318726, 6.000000, -28.029870, 3413.256641
[2][41] = 321.277161, 3016.719274, 4.683594, 6.000000, -27.768972, 3441.955335
[2][42] = 324.815668, 3050.385919, 4.962280, 6.000000, -27.509446, 3471.254024
[2][43] = 328.414982, 3084.631098, 5.458252, 6.000000, -27.250012, 3500.652731
[2][44] = 332.097443, 3119.667374, 6.071411, 6.000000, -26.989224, 3530.551437
[2][45] = 335.806942, 3154.960905, 6.449707, 6.000000, -26.731150, 3561.250132
[2][46] = 339.562756, 3190.695085, 6.806152, 6.000000, -26.474474, 3592.448828
[2][47] = 343.468456, 3227.855340, 7.620728, 6.000000, -26.212364, 3623.947534
[2][48] = 347.384648, 3265.115415, 8.142212, 6.000000, -25.954352, 3656.246231
[2][49] = 351.374760, 3303.078797, 8.527222, 6.000000, -25.696289, 3689.544911
[2][50] = 355.420622, 3341.572608, 8.454834, 6.000000, -25.439463, 3724.443553
[2][51] = 359.609788, 3381.429851, 8.685181, 6.000000, -25.178544, 3759.942198
[2][52] = 363.855246, 3421.822690, 9.316406, 6.000000, -24.919178, 3795.040883
[2][53] = 368.137542, 3462.566011, 9.849731, 6.000000, -24.662583, 3830.739570
[2][54] = 372.577257, 3504.807078, 10.264648, 6.000000, -24.401738, 3868.138220
[2][55] = 377.131927, 3548.141870, 10.620483, 6.000000, -24.139470, 3906.736854
[2][56] = 381.707086, 3591.671604, 10.668945, 6.000000, -23.881309, 3946.335481
[2][57] = 386.113732, 3633.598039, 11.723389, 6.000000, -23.637527, 3982.034267
[2][58] = 389.648390, 3667.228060, 11.872803, 6.000000, -23.445350, 4012.433249
[2][59] = 393.211484, 3701.128639, 12.056763, 6.000000, -23.254591, 4043.032241
[2][60] = 396.855662, 3735.800672, 12.454102, 6.000000, -23.062500, 4073.831241
[2][61] = 400.529949, 3770.759183, 12.926270, 6.000000, -22.871838, 4104.730253
[2][62] = 404.317757, 3806.797765, 13.444702, 6.000000, -22.678384, 4136.529252
[2][63] = 408.082796, 3842.619724, 13.972534, 6.000000, -22.489142, 4168.128272
[2][64] = 411.965463, 3879.560825, 14.521484, 6.000000, -22.297100, 4200.727276
[2][65] = 415.858649, 3916.602018, 14.360840, 6.000000, -22.107639, 4235.326237
[2][66] = 419.868413, 3954.752375, 15.162476, 6.000000, -21.915677, 4268.425258
[2][67] = 423.918315, 3993.284622, 15.543823, 6.000000, -21.724985, 4303.024250
[2][68] = 428.070599, 4032.790962, 15.386719, 6.000000, -21.532725, 4340.023191
[2][69] = 432.260053, 4072.650953, 15.659790, 6.000000, -21.342002, 4376.222172
[2][70] = 436.524666, 4113.226036, 15.463745, 6.000000, -21.151139, 4414.421115
[2][71] = 440.926464, 4155.106348, 15.436157, 6.000000, -20.957525, 4453.420054
[2][72] = 445.309101, 4196.804351, 15.295532, 6.000000, -20.768088, 4492.619007
[2][73] = 449.836278, 4239.877561, 15.027710, 6.000000, -20.575811, 4533.517933
[2][74] = 454.410893, 4283.402116, 14.789551, 6.000000, -20.384951, 4574.816868
[2][75] = 459.132025, 4328.320691, 15.298706, 6.000000, -20.191501, 4615.315843
[2][76] = 463.803120, 4372.763188, 15.356323, 6.000000, -20.003534, 4656.714813
[2][77] = 468.667636, 4419.045967, 15.268066, 6.000000, -19.811321, 4700.313748
[2][78] = 473.704042, 4466.964172, 14.136475, 6.000000, -19.616017, 4748.612591
[2][79] = 478.754511, 4515.016169, 14.183228, 6.000000, -19.423849, 4793.611534
[2][80] = 483.828553, 4563.292457, 13.887695, 6.000000, -19.234396, 4839.910467
[2][81] = 489.074719, 4613.206389, 13.890137, 6.000000, -19.042220, 4886.909405
[2][82] = 494.500584, 4664.830052, 14.172119, 6.000000, -18.847316, 4934.708345
[2][83] = 499.918403, 4716.377152, 13.995605, 6.000000, -18.656500, 4983.907275
[2][84] = 505.488820, 4769.376129, 13.324585, 6.000000, -18.464158, 5036.106163
[2][85] = 511.090653, 4822.674015, 12.364990, 6.000000, -18.274554, 5089.605048
[2][86] = 515.675085, 4866.291969, 14.338501, 6.000000, -18.122163, 5124.604330
[3][0] = 257.627002, 1797.880633, -5.754150, 8.000000, -41.206327, 2450.118222
[3][1] = 258.751705, 1805.883309, -1.280640, 8.000000, -41.081697, 2449.418284
[3][2] = 262.289627, 1831.056934, -0.996826, 8.000000, -40.693672, 2468.216621
[3][3] = 265.923501, 1856.913290, -0.822754, 8.000000, -40.301387, 2487.814915
[3][4] = 269.550834, 1882.723106, -0.857300, 8.000000, -39.916024, 2507.813201
[3][5] = 273.288113, 1909.315229, -0.496094, 8.000000, -39.525358, 2527.911506
[3][6] = 277.021899, 1935.882492, -0.647949, 8.000000, -39.141400, 2548.909763
[3][7] = 280.885462, 1963.373170, -0.522095, 8.000000, -38.750643, 2570.308017
[3][8] = 284.745310, 1990.837421, -0.648682, 8.000000, -38.366782, 2592.206259
[3][9] = 288.768247, 2019.462102, -0.195557, 8.000000, -37.973500, 2614.204523
[3][10] = 292.817768, 2048.275942, 0.293823, 8.000000, -37.584483, 2636.402801
[3][11] = 296.421045, 2073.914591, -0.273926, 8.000000, -37.244010, 2657.901161
[3][12] = 299.923520, 2098.835995, -0.104492, 8.000000, -36.918085, 2677.699673
[3][13] = 303.464958, 2124.034634, -0.110107, 8.000000, -36.593477, 2698.098164
[3][14] = 307.057880, 2149.599602, 0.288452, 8.000000, -36.269136, 2718.196698
[3][15] = 310.739983, 2175.799125, 0.448853, 8.000000, -35.941857, 2739.295183
[3][16] = 314.446313, 2202.171034, 0.857056, 8.000000, -35.617552, 2760.193705
[3][17] = 318.194986, 2228.844229, 1.278809, 8.000000, -35.294672, 2781.392229
[3][18] = 322.004327, 2255.949101, 1.604736, 8.000000, -34.971751, 2803.190734
[3][19] = 325.891068, 2283.604698, 2.121216, 8.000000, -34.647546, 2825.189249
[3][20] = 329.842783, 2311.722612, 2.501953, 8.000000, -34.323275, 2847.887740
[3][21] = 333.858270, 2340.294289, 3.194458, 8.000000, -33.999189, 2870.486262
[3][22] = 337.963980, 2369.507932, 3.226318, 8.000000, -33.673347, 2894.884692
[3][23] = 342.084269, 2398.825308, 3.466064, 8.000000, -33.351846, 2919.083161
[3][24] = 346.331973, 2429.049297, 3.514404, 8.000000, -33.026044, 2944.481581
[3][25] = 350.654643, 2459.806693, 3.532715, 8.000000, -32.700243, 2970.479992
[3][26] = 355.054136, 2491.110711, 3.582520, 8.000000, -32.374474, 2996.978400
[3][27] = 359.474893, 2522.566033, 3.591431, 8.000000, -32.052912, 3023.776819
[3][28] = 363.973679, 2554.576554, 3.847046, 8.000000, -31.731487, 3050.675260
[3][29] = 368.631235, 2587.716789, 4.705200, 8.000000, -31.404751, 3077.473733
[3][30] = 373.294964, 2620.900942, 5.463013, 8.000000, -31.083586, 3104.572217
[3][31] = 378.070576, 2654.881190, 5.738647, 8.000000, -30.760791, 3133.370634
[3][32] = 382.937132, 2689.508536, 6.038818, 8.000000, -30.438018, 3162.769048
[3][33] = 387.227516, 2720.036203, 5.746704, 8.000000, -30.158501, 3189.867612
[3][34] = 391.254947, 2748.692861, 6.028687, 8.000000, -29.900317, 3214.266339
[3][35] = 395.322755, 2777.636819, 6.412720, 8.000000, -29.643589, 3238.765081
[3][36] = 399.547149, 2807.694945, 6.663574, 8.000000, -29.381191, 3264.563776
[3][37] = 403.793722, 2837.910884, 7.010620, 8.000000, -29.121647, 3290.362492
[3][38] = 408.108845, 2868.614576, 7.494873, 8.000000, -28.862168, 3316.361218
[3][39] = 412.472359, 2899.662593, 7.861572, 8.000000, -28.604045, 3342.959935
[3][40] = 416.980562, 2931.740125, 8.353882, 8.000000, -28.341769, 3370.258640
[3][41] = 421.493126, 2963.848686, 8.647949, 8.000000, -28.083622, 3398.057342
[3][42] = 426.105922, 2996.670433, 9.171265, 8.000000, -27.824172, 3426.056056
[3][43] = 430.799012, 3030.063507, 9.629150, 8.000000, -27.564696, 3454.754760
[3][44] = 435.573608, 3064.036521, 10.164673, 8.000000, -27.305255, 3483.853467
[3][45] = 440.354200, 3098.052200, 10.558472, 8.000000, -27.049970, 3513.352178
[3][46] = 445.271402, 3133.039916, 11.143188, 8.000000, -26.791956, 3543.350890
[3][47] = 450.332828, 3169.053827, 11.624390, 8.000000, -26.531096, 3574.549573
[3][48] = 455.011947, 3202.347492, 12.109375, 8.000000, -26.294098, 3603.348378
[3][49] = 460.225506, 3239.443889, 12.535400, 8.000000, -26.034624, 3635.747055
[3][50] = 465.479576, 3276.828539, 12.837769, 8.000000, -25.777912, 3668.745733
[3][51] = 470.976548, 3315.941529, 13.537109, 8.000000, -25.514336, 3702.444406
[3][52] = 476.491635, 3355.183411, 14.049561, 8.000000, -25.254900, 3736.743081
[3][53] = 482.112456, 3395.177631, 14.703735, 8.000000, -24.995518, 3771.441764
[3][54] = 487.845630, 3435.971288, 15.094971, 8.000000, -24.736041, 3807.540420
[3][55] = 493.815654, 3478.450214, 16.063232, 8.000000, -24.471159, 3843.839094
[3][56] = 499.815425, 3521.140803, 16.427124, 8.000000, -24.210271, 3881.837732
[3][57] = 505.841032, 3564.015223, 16.437378, 8.000000, -23.953471, 3920.936359
[3][58] = 512.059124, 3608.259248, 16.218506, 8.000000, -23.693792, 3961.934948
[3][59] = 518.806809, 3656.271524, 17.926514, 8.000000, -23.417937, 4001.633609
[3][60] = 521.922873, 3678.443470, 16.553223, 8.000000, -23.292584, 4025.432819
[3][61] = 526.829916, 3713.358892, 17.132202, 8.000000, -23.097734, 4056.031817
[3][62] = 531.636392, 3747.558749, 17.541748, 8.000000, -22.909842, 4086.430836
[3][63] = 536.699773, 3783.586572, 18.187256, 8.000000, -22.715012, 4117.929835
[3][64] = 541.664401, 3818.911736, 18.247192, 8.000000, -22.527007, 4150.328822
[3][65] = 546.930196, 3856.379819, 18.960938, 8.000000, -22.330795, 4183.027815
[3][66] = 552.059857, 3892.879255, 18.891357, 8.000000, -22.142751, 4216.926787
[3][67] = 557.388025, 3930.791136, 19.104248, 8.000000, -21.950590, 4251.425758
[3][68] = 562.804201, 3969.329230, 19.472168, 8.000000, -21.758479, 4286.124740
[3][69] = 568.275532, 4008.259778, 19.396606, 8.000000, -21.567634, 4322.423693
[3][70] = 574.044415, 4049.307511, 19.510132, 8.000000, -21.369834, 4360.222620
[3][71] = 579.667897, 4089.320664, 19.183594, 8.000000, -21.180322, 4398.321558
[3][72] = 585.464653, 4130.566723, 19.828857, 8.000000, -20.988299, 4434.920555
[3][73] = 591.241097, 4171.668263, 19.615356, 8.000000, -20.800229, 4473.819507
[3][74] = 597.290923, 4214.715007, 19.850220, 8.000000, -20.606683, 4513.318461
[3][75] = 603.314408, 4257.574333, 20.177246, 8.000000, -20.417373, 4552.417444
[3][76] = 609.583129, 4302.178599, 20.526733, 8.000000, -20.223861, 4593.116403
[3][77] = 615.831298, 4346.636630, 20.497803, 8.000000, -20.034451, 4634.815356
[3][78] = 622.284563, 4392.554001, 20.916992, 8.000000, -19.842363, 4676.614324
[3][79] = 628.669032, 4437.981855, 20.922241, 8.000000, -19.655772, 4719.213292
[3][80] = 635.511878, 4486.671233, 21.398438, 8.000000, -19.459492, 4763.512239
[3][81] = 642.146617, 4533.879854, 20.829956, 8.000000, -19.272748, 4809.611163
[3][82] = 649.162584, 4583.801052, 20.241455, 8.000000, -19.078989, 4858.410047
[3][83] = 656.104823, 4633.197653, 19.942261, 8.000000, -18.890925, 4905.908981
[3][84] = 663.388354, 4685.022671, 20.272705, 8.000000, -18.697418, 4953.807927
[3][85] = 670.567734, 4736.106609, 18.518677, 8.000000, -18.510385, 5007.606768
[3][86] = 678.210032, 4790.484389, 17.828125, 8.000000, -18.315221, 5061.305635
[3][87] = 685.668796, 4843.556251, 17.374756, 8.000000, -18.128540, 5113.104565
[4][0] = 323.041731, 1799.718131, -5.680786, 10.000000, -41.020721, 2459.117423
[4][1] = 327.485628, 1824.920725, -5.788208, 10.000000, -40.631069, 2478.715704
[4][2] = 331.966174, 1850.331164, -5.781006, 10.000000, -40.244359, 2498.414003
[4][3] = 336.583827, 1876.519176, -5.632812, 10.000000, -39.852167, 2518.612287
[4][4] = 341.226888, 1902.851281, -5.531860, 10.000000, -39.464197, 2539.110573
[4][5] = 345.913562, 1929.430733, -5.615112, 10.000000, -39.078949, 2560.208837
[4][6] = 350.713453, 1956.652264, -5.744507, 10.000000, -38.690899, 2582.007074
[4][7] = 355.662459, 1984.719471, -5.442017, 10.000000, -38.297550, 2603.905332
[4][8] = 360.424437, 2011.725995, -4.980103, 10.000000, -37.925414, 2624.803697
[4][9] = 364.624974, 2035.548420, -4.928955, 10.000000, -37.602222, 2643.902226
[4][10] = 368.885400, 2059.710496, -4.661499, 10.000000, -37.279188, 2663.000775
[4][11] = 373.284393, 2084.658429, -4.324097, 10.000000, -36.950594, 2682.699301
[4][12] = 377.713672, 2109.778116, -4.154541, 10.000000, -36.624724, 2702.897812
[4][13] = 382.172322, 2135.064380, -4.033203, 10.000000, -36.301653, 2723.396323
[4][14] = 386.740870, 2160.973903, -4.090942, 10.000000, -35.975686, 2744.794792
[4][15] = 391.337937, 2187.045166, -3.785522, 10.000000, -35.652761, 2765.793313
[4][16] = 396.006088, 2213.519562, -3.299194, 10.000000, -35.329954, 2786.891849
[4][17] = 400.793213, 2240.668701, -3.136230, 10.000000, -35.004166, 2809.190326
[4][18] = 405.636126, 2268.134222, -2.831421, 10.000000, -34.679877, 2831.588821
[4][19] = 410.577594, 2296.158683, -2.216187, 10.000000, -34.354369, 2853.987339
[4][20] = 415.520137, 2324.189237, -2.285156, 10.000000, -34.034114, 2877.685796
[4][21] = 420.674436, 2353.420718, -1.906738, 10.000000, -33.705691, 2901.684259
[4][22] = 425.808204, 2382.535764, -1.922607, 10.000000, -33.384092, 2926.382704
[4][23] = 431.072544, 2412.391320, -1.544434, 10.000000, -33.059907, 2951.081175
[4][24] = 436.457248, 2442.929489, -1.726318, 10.000000, -32.734039, 2977.479568
[4][25] = 441.868466, 2473.618035, -2.160400, 10.000000, -32.412275, 3004.577949
[4][26] = 447.444022, 2505.238582, -2.057739, 10.000000, -32.086588, 3031.576364
[4][27] = 453.068633, 2537.137336, -1.568970, 10.000000, -31.763912, 3058.174830
[4][28] = 458.774054, 2569.494386, -1.406006, 10.000000, -31.442489, 3085.873261
[4][29] = 464.684254, 2603.012798, -0.881348, 10.000000, -31.115636, 3113.971697
[4][30] = 470.311651, 2634.927351, 0.094727, 10.000000, -30.810060, 3139.870281
[4][31] = 475.198717, 2662.643281, 0.300293, 10.000000, -30.549045, 3163.669000
[4][32] = 480.134785, 2690.637112, 0.506958, 10.000000, -30.289442, 3187.767722
[4][33] = 485.173151, 2719.211109, 0.947510, 10.000000, -30.028547, 3211.966458
[4][34] = 490.129642, 2747.320763, 0.863159, 10.000000, -29.775842, 3236.865178
[4][35] = 495.297598, 2776.629697, 1.480469, 10.000000, -29.516439, 3261.463932
[4][36] = 500.522698, 2806.262711, 1.820312, 10.000000, -29.258320, 3286.962660
[4][37] = 505.862711, 2836.547433, 2.030518, 10.000000, -28.998744, 3313.361364
[4][38] = 511.290611, 2867.330580, 2.242310, 10.000000, -28.739175, 3340.260065
[4][39] = 516.805347, 2898.606203, 2.834961, 10.000000, -28.479773, 3366.858800
[4][40] = 522.445714, 2930.594315, 3.183472, 10.000000, -28.218866, 3394.657500
[4][41] = 528.060124, 2962.435218, 3.309326, 10.000000, -27.963485, 3422.856202
[4][42] = 533.955115, 2995.867373, 3.895264, 10.000000, -27.699877, 3451.554903
[4][43] = 539.827447, 3029.171020, 4.266602, 10.000000, -27.441798, 3480.653608
[4][44] = 545.868388, 3063.430900, 4.599976, 10.000000, -27.180899, 3510.752291
[4][45] = 551.951147, 3097.927940, 4.875732, 10.000000, -26.922788, 3541.250980
[4][46] = 558.211608, 3133.432780, 5.048828, 10.000000, -26.661834, 3572.949640
[4][47] = 564.584256, 3169.573861, 5.463501, 10.000000, -26.400979, 3604.748320
[4][48] = 571.038402, 3206.177143, 5.999634, 10.000000, -26.141575, 3636.747015
[4][49] = 577.650020, 3243.673496, 6.388916, 10.000000, -25.880715, 3669.945685
[4][50] = 584.386404, 3281.877424, 6.822876, 10.000000, -25.619873, 3703.744355
[4][51] = 591.102934, 3319.968760, 7.236938, 10.000000, -25.364639, 3737.543050
[4][52] = 598.059947, 3359.423943, 7.737061, 10.000000, -25.105229, 3772.441727
[4][53] = 605.191183, 3399.867190, 8.261963, 10.000000, -24.844427, 3808.240394
[4][54] = 612.464037, 3441.113593, 8.783081, 10.000000, -24.583624, 3844.839058
[4][55] = 619.799579, 3482.715523, 9.584473, 10.000000, -24.325726, 3881.137757
[4][56] = 627.445333, 3526.076747, 10.572998, 10.000000, -24.062281, 3918.636439
[4][57] = 635.171055, 3569.891491, 11.097778, 10.000000, -23.801478, 3957.735091
[4][58] = 642.538843, 3611.676296, 12.092896, 10.000000, -23.557674, 3993.833870
[4][59] = 648.450156, 3645.201016, 12.090454, 10.000000, -23.365447, 4024.832839
[4][60] = 654.406113, 3678.978926, 12.434082, 10.000000, -23.174741, 4055.231843
[4][61] = 660.455308, 3713.285616, 12.785889, 10.000000, -22.984038, 4086.130846
[4][62] = 666.649476, 3748.414490, 12.786743, 10.000000, -22.791817, 4118.729810
[4][63] = 672.853131, 3783.597168, 12.555298, 10.000000, -22.602331, 4152.028769
[4][64] = 679.198928, 3819.585966, 12.706909, 10.000000, -22.411568, 4185.127751
[4][65] = 685.694828, 3856.426048, 12.947021, 10.000000, -22.219432, 4218.826730
[4][66] = 692.300602, 3893.889252, 12.968628, 10.000000, -22.027229, 4253.725690
[4][67] = 698.918659, 3931.422120, 12.920044, 10.000000, -21.837812, 4288.924659
[4][68] = 705.792977, 3970.408318, 13.280518, 10.000000, -21.644315, 4324.423636
[4][69] = 712.685763, 4009.499248, 13.396118, 10.000000, -21.453550, 4360.722606
[4][70] = 719.747306, 4049.547250, 13.598755, 10.000000, -21.261410, 4397.721575
[4][71] = 726.879023, 4089.993223, 13.770020, 10.000000, -21.070665, 4435.220547
[4][72] = 734.137766, 4131.159599, 13.698120, 10.000000, -20.879849, 4474.119499
[4][73] = 741.519384, 4173.022840, 14.053223, 10.000000, -20.689161, 4512.518482
[4][74] = 749.096966, 4215.997440, 13.630981, 10.000000, -20.496845, 4554.217397
[4][75] = 756.750931, 4259.405233, 13.548706, 10.000000, -20.306035, 4595.416345
[4][76] = 764.539488, 4303.576333, 13.836670, 10.000000, -20.115332, 4636.315318
[4][77] = 772.474402, 4348.577470, 13.825195, 10.000000, -19.924546, 4678.914268
[4][78] = 780.620388, 4394.775652, 13.471069, 10.000000, -19.732264, 4723.713185
[4][79] = 788.856318, 4441.483929, 13.336426, 10.000000, -19.541450, 4768.412124
[4][80] = 797.188729, 4488.739382, 12.962891, 10.000000, -19.351977, 4814.411052
[4][81] = 805.805844, 4537.609467, 12.625244, 10.000000, -19.159712, 4861.909967
[4][82] = 814.395433, 4586.323449, 12.393188, 10.000000, -18.971688, 4909.008912
[4][83] = 823.343929, 4637.072894, 12.517700, 10.000000, -18.779552, 4957.007858
[4][84] = 832.343466, 4688.111801, 12.043945, 10.000000, -18.590068, 5007.206776
[4][85] = 841.722889, 4741.305153, 11.930908, 10.000000, -18.396474, 5058.405695
[4][86] = 851.088160, 4794.418246, 11.532959, 10.000000, -18.207018, 5110.504618
[4][87] = 858.751992, 4837.881998, 14.056396, 10.000000, -18.054764, 5144.003937
[5][0] = 380.583853, 1760.096993, -5.263794, 12.000000, -41.452858, 2437.419359
[5][1] = 382.209500, 1767.745060, -0.783081, 12.000000, -41.331080, 2436.519440
[5][2] = 387.448311, 1792.391731, -1.052979, 12.000000, -40.942604, 2455.917706
[5][3] = 392.821801, 1817.672011, -0.796143, 12.000000, -40.550353, 2475.116017
[5][4] = 398.184926, 1842.903531, -0.752319, 12.000000, -40.165018, 2494.714320
[5][5] = 403.751561, 1869.092491, -0.476440, 12.000000, -39.771453, 2514.812607
[5][6] = 409.291168, 1895.154292, -0.512207, 12.000000, -39.386142, 2535.410880
[5][7] = 414.981436, 1921.924900, -0.310547, 12.000000, -38.996818, 2556.309156
[5][8] = 420.724058, 1948.941810, 0.020508, 12.000000, -38.610427, 2577.307452
[5][9] = 426.651615, 1976.828776, 0.168945, 12.000000, -38.218321, 2599.405688
[5][10] = 432.595495, 2004.792529, 0.303955, 12.000000, -37.831862, 2621.703938
[5][11] = 437.961946, 2030.039697, -0.163940, 12.000000, -37.488619, 2642.902302
[5][12] = 443.157366, 2054.482228, 0.122803, 12.000000, -37.161345, 2662.300828
[5][13] = 448.407431, 2079.181840, 0.522827, 12.000000, -36.835565, 2681.799368
[5][14] = 453.602407, 2103.622283, 0.543335, 12.000000, -36.517999, 2701.797892
[5][15] = 459.061689, 2129.306184, 0.744995, 12.000000, -36.189322, 2722.596380
[5][16] = 464.487200, 2154.831206, 0.977051, 12.000000, -35.867706, 2743.294898
[5][17] = 470.119319, 2181.328245, 1.142944, 12.000000, -35.539044, 2764.993369
[5][18] = 475.720412, 2207.679313, 1.172607, 12.000000, -35.217344, 2786.891849
[5][19] = 481.506469, 2234.900571, 1.668335, 12.000000, -34.890310, 2808.790354
[5][20] = 487.315084, 2262.227956, 1.803833, 12.000000, -34.567299, 2831.488827
[5][21] = 493.218318, 2290.000490, 2.029541, 12.000000, -34.244353, 2854.487306
[5][22] = 499.245180, 2318.354647, 2.353149, 12.000000, -33.920071, 2877.885783
[5][23] = 505.377504, 2347.204963, 2.346313, 12.000000, -33.595624, 2902.384215
[5][24] = 511.583270, 2376.400794, 2.770996, 12.000000, -33.272827, 2926.482698
[5][25] = 517.924454, 2406.233720, 3.154053, 12.000000, -32.948614, 2951.281162
[5][26] = 524.409446, 2436.743211, 3.139282, 12.000000, -32.622803, 2977.479568
[5][27] = 530.953322, 2467.529726, 3.089355, 12.000000, -32.299798, 3004.077978
[5][28] = 537.641729, 2498.996205, 3.242676, 12.000000, -31.975507, 3030.976399
[5][29] = 544.452312, 2531.037479, 3.390381, 12.000000, -31.651226, 3058.474813
[5][30] = 551.354882, 2563.511517, 3.885620, 12.000000, -31.328531, 3085.773266
[5][31] = 558.418510, 2596.743274, 4.247070, 12.000000, -31.004375, 3114.071692
[5][32] = 565.300867, 2629.122217, 4.678833, 12.000000, -30.694301, 3141.570189
[5][33] = 572.119684, 2661.202230, 4.914185, 12.000000, -30.392565, 3169.268701
[5][34] = 578.415325, 2690.820892, 4.702026, 12.000000, -30.118710, 3195.767302
[5][35] = 584.479199, 2719.349176, 4.995117, 12.000000, -29.859134, 3220.366024
[5][36] = 590.536932, 2747.848569, 5.451294, 12.000000, -29.603848, 3244.664781
[5][37] = 596.859031, 2777.591709, 6.080566, 12.000000, -29.341624, 3269.763516
[5][38] = 603.183721, 2807.347037, 6.446045, 12.000000, -29.083497, 3295.462241
[5][39] = 609.648217, 2837.760096, 6.686279, 12.000000, -28.823915, 3322.060942
[5][40] = 616.183771, 2868.507462, 6.954468, 12.000000, -28.565755, 3348.959649
[5][41] = 622.971298, 2900.440266, 7.469116, 12.000000, -28.302089, 3376.458349
[5][42] = 629.765710, 2932.405461, 7.880615, 12.000000, -28.042593, 3404.257056
[5][43] = 636.640972, 2964.751026, 8.103882, 12.000000, -27.784426, 3432.855747
[5][44] = 643.668864, 2997.814656, 8.700684, 12.000000, -27.525014, 3461.354465
[5][45] = 650.828162, 3031.496504, 8.567139, 12.000000, -27.265306, 3492.053107
[5][46] = 658.185888, 3066.111887, 9.124390, 12.000000, -27.003077, 3522.151798
[5][47] = 665.558591, 3100.797727, 9.418335, 12.000000, -26.744955, 3552.950482
[5][48] = 673.103847, 3136.295366, 9.844971, 12.000000, -26.485486, 3584.249168
[5][49] = 680.831746, 3172.652273, 10.067383, 12.000000, -26.224537, 3616.847824
[5][50] = 688.662015, 3209.490791, 10.204102, 12.000000, -25.964962, 3650.146475
[5][51] = 696.591614, 3246.796620, 10.685791, 12.000000, -25.706927, 3683.145163
[5][52] = 704.761222, 3285.231605, 11.033569, 12.000000, -25.446036, 3717.543820
[5][53] = 713.218719, 3325.020999, 11.851196, 12.000000, -25.181112, 3752.142493
[5][54] = 721.664319, 3364.754423, 12.285278, 12.000000, -24.921660, 3787.641158
[5][55] = 730.181194, 3404.823169, 12.788330, 12.000000, -24.665042, 3823.339840
[5][56] = 738.962233, 3446.134709, 13.249878, 12.000000, -24.405603, 3860.338499
[5][57] = 748.064321, 3488.956668, 13.937256, 12.000000, -24.142036, 3898.237153
[5][58] = 757.304481, 3532.428203, 14.684814, 12.000000, -23.879892, 3936.635815
[5][59] = 766.435290, 3575.385284, 15.138062, 12.000000, -23.626066, 3975.334493
[5][60] = 776.214055, 3621.390755, 16.180908, 12.000000, -23.359812, 4015.433150
[5][61] = 784.047665, 3658.244992, 15.697144, 12.000000, -23.150574, 4050.931983
[5][62] = 791.304214, 3692.384370, 16.126831, 12.000000, -22.959887, 4081.630990
[5][63] = 798.632189, 3726.859781, 15.682617, 12.000000, -22.770316, 4114.929930
[5][64] = 806.174601, 3762.344042, 16.238403, 12.000000, -22.578270, 4146.628937
[5][65] = 813.844155, 3798.426458, 16.444702, 12.000000, -22.386111, 4179.827913
[5][66] = 821.585375, 3834.846031, 16.406860, 12.000000, -22.195278, 4214.026875
[5][67] = 829.506624, 3872.112578, 16.796997, 12.000000, -22.003180, 4247.925862
[5][68] = 837.565617, 3910.027158, 16.792358, 12.000000, -21.810959, 4283.524816
[5][69] = 845.759558, 3948.576622, 16.878296, 12.000000, -21.618768, 4319.523776
[5][70] = 854.093955, 3987.786876, 16.915039, 12.000000, -21.426565, 4356.322730
[5][71] = 862.626937, 4027.931402, 17.505127, 12.000000, -21.233129, 4392.521719
[5][72] = 871.190048, 4068.217670, 17.540161, 12.000000, -21.042331, 4430.420678
[5][73] = 879.895875, 4109.175367, 18.067017, 12.000000, -20.851681, 4467.619673
[5][74] = 889.019872, 4152.100397, 18.482300, 12.000000, -20.655386, 4507.018627
[5][75] = 898.108884, 4194.860836, 18.993286, 12.000000, -20.463327, 4546.017609
[5][76] = 907.366220, 4238.413177, 19.253052, 12.000000, -20.271196, 4586.516570
[5][77] = 916.526467, 4281.508753, 18.724487, 12.000000, -20.084453, 4628.915503
[5][78] = 926.195347, 4326.997255, 18.859009, 12.000000, -19.890887, 4671.714444
[5][79] = 935.831690, 4372.332685, 18.892334, 12.000000, -19.701503, 4714.713401
[5][80] = 945.798476, 4419.222726, 18.635010, 12.000000, -19.509236, 4760.112319
[5][81] = 955.656556, 4465.601345, 18.370850, 12.000000, -19.322582, 4805.111267
[5][82] = 966.155957, 4514.997146, 18.154297, 12.000000, -19.127528, 4852.910171
[5][83] = 976.545752, 4563.877289, 18.384155, 12.000000, -18.938207, 4898.909137
[5][84] = 987.304665, 4614.493994, 18.035767, 12.000000, -18.745929, 4948.408045
[5][85] = 998.033606, 4664.969692, 17.827515, 12.000000, -18.557901, 4997.406986
[5][86] = 1009.380973, 4718.354857, 17.984131, 12.000000, -18.362955, 5048.105911
[5][87] = 1020.465139, 4770.501757, 17.690674, 12.000000, -18.176313, 5099.104852
[6][0] = 451.019065, 1779.917106, -5.425537, 14.000000, -40.909801, 2464.216973
[6][1] = 457.213439, 1804.761383, -5.377075, 14.000000, -40.521678, 2483.615278
[6][2] = 463.529109, 1830.092149, -5.331421, 14.000000, -40.132190, 2503.513567
[6][3] = 469.945042, 1855.825054, -5.137085, 14.000000, -39.742848, 2523.611866
[6][4] = 476.467937, 1881.986953, -5.099731, 14.000000, -39.353432, 2544.410134
[6][5] = 483.096598, 1908.573062, -4.838623, 14.000000, -38.964207, 2565.308422
[6][6] = 489.837213, 1935.608191, -4.594849, 14.000000, -38.575002, 2586.706698
[6][7] = 496.695997, 1963.117273, -4.600952, 14.000000, -38.185664, 2609.004931
[6][8] = 503.263328, 1989.457400, -4.261353, 14.000000, -37.819069, 2629.903302
[6][9] = 509.217605, 2013.338701, -3.933350, 14.000000, -37.491838, 2648.901844
[6][10] = 515.212045, 2037.381085, -3.901611, 14.000000, -37.167249, 2668.600354
[6][11] = 521.377011, 2062.107414, -3.960327, 14.000000, -36.838411, 2689.098827
[6][12] = 527.554275, 2086.883064, -3.882446, 14.000000, -36.513894, 2709.497330
[6][13] = 533.800993, 2111.937282, -3.972290, 14.000000, -36.190702, 2730.495812
[6][14] = 540.198600, 2137.596685, -3.947998, 14.000000, -35.864789, 2751.894289
[6][15] = 546.718065, 2163.744828, -3.285767, 14.000000, -35.537862, 2772.692832
[6][16] = 553.263317, 2189.996400, -3.224365, 14.000000, -35.214813, 2794.691314
[6][17] = 559.998190, 2217.008501, -2.916870, 14.000000, -34.887707, 2816.989799
[6][18] = 566.732240, 2244.017299, -3.188843, 14.000000, -34.565910, 2840.388236
[6][19] = 573.625220, 2271.663534, -2.481689, 14.000000, -34.241864, 2862.686769
[6][20] = 580.647968, 2299.830237, -2.993530, 14.000000, -33.917164, 2887.685153
[6][21] = 587.748729, 2328.309835, -2.689331, 14.000000, -33.594330, 2911.583633
[6][22] = 595.004884, 2357.412680, -2.593750, 14.000000, -33.269993, 2936.482076
[6][23] = 602.321235, 2386.756964, -2.389648, 14.000000, -32.948535, 2961.480539
[6][24] = 609.863024, 2417.005428, -2.147827, 14.000000, -32.622896, 2987.278979
[6][25] = 617.541799, 2447.803311, -2.083984, 14.000000, -32.297180, 3013.977394
[6][26] = 625.288836, 2478.874981, -1.791016, 14.000000, -31.974400, 3040.575842
[6][27] = 633.248298, 2510.798639, -1.690552, 14.000000, -31.648728, 3068.374249
[6][28] = 641.250760, 2542.894758, -1.669922, 14.000000, -31.327242, 3096.572662
[6][29] = 649.469503, 2575.858336, -1.308594, 14.000000, -31.003124, 3124.971093
[6][30] = 657.359599, 2607.503783, -0.224487, 14.000000, -30.697603, 3150.869686
[6][31] = 664.138842, 2634.693841, -0.005249, 14.000000, -30.439408, 3174.568419
[6][32] = 671.171351, 2662.899698, 0.395752, 14.000000, -30.175687, 3198.867140
[6][33] = 678.165654, 2690.952312, 0.556152, 14.000000, -29.917476, 3223.565859
[6][34] = 685.307956, 2719.598520, 0.811035, 14.000000, -29.657909, 3248.664578
[6][35] = 692.524351, 2748.541903, 1.126587, 14.000000, -29.399779, 3273.963306
[6][36] = 699.938156, 2778.277047, 1.377563, 14.000000, -29.138818, 3300.162010
[6][37] = 707.388619, 2808.159225, 1.914429, 14.000000, -28.880793, 3325.960753
[6][38] = 715.048363, 2838.880778, 2.166992, 14.000000, -28.619841, 3353.159449
[6][39] = 722.793628, 2869.945342, 2.500366, 14.000000, -28.360332, 3380.558157
[6][40] = 730.669063, 2901.531984, 2.895142, 14.000000, -28.100852, 3408.356867
[6][41] = 738.511984, 2932.988224, 2.699585, 14.000000, -27.846745, 3437.355543
[6][42] = 746.659239, 2965.665078, 2.960938, 14.000000, -27.587220, 3466.554233
[6][43] = 755.036876, 2999.265946, 3.407837, 14.000000, -27.324967, 3496.252923
[6][44] = 763.290999, 3032.371424, 3.628052, 14.000000, -27.071047, 3526.051630
[6][45] = 771.923240, 3066.993452, 3.871216, 14.000000, -26.810123, 3557.250300
[6][46] = 780.667150, 3102.063359, 3.924438, 14.000000, -26.550533, 3589.348956
[6][47] = 786.720367, 3126.341485, 3.456299, 14.000000, -26.373539, 3612.747991
[6][48] = 796.215386, 3164.423926, 4.437378, 14.000000, -26.100283, 3645.646656
[6][49] = 805.404737, 3201.280401, 4.723633, 14.000000, -25.840795, 3679.045325
[6][50] = 814.869762, 3239.242544, 5.003784, 14.000000, -25.578501, 3713.543974
[6][51] = 824.412350, 3277.515771, 5.349487, 14.000000, -25.319041, 3748.242642
[6][52] = 834.082464, 3316.300481, 5.964355, 14.000000, -25.061085, 3782.841337
[6][53] = 844.107277, 3356.507811, 6.274536, 14.000000, -24.798810, 3819.539979
[6][54] = 854.327975, 3397.500792, 6.915771, 14.000000, -24.536656, 3856.238647
[6][55] = 864.591681, 3438.666267, 7.190918, 14.000000, -24.278583, 3894.037301
[6][56] = 875.058124, 3480.644876, 7.761719, 14.000000, -24.020615, 3931.935977
[6][57] = 886.030784, 3524.653812, 8.395142, 14.000000, -23.755653, 3971.634618
[6][58] = 896.322844, 3565.933010, 10.059814, 14.000000, -23.512086, 4006.233456
[6][59] = 904.520547, 3598.812202, 10.535400, 14.000000, -23.321429, 4035.932473
[6][60] = 912.849125, 3632.216303, 10.782959, 14.000000, -23.130696, 4066.731470
[6][61] = 921.311118, 3666.155503, 10.851074, 14.000000, -22.939905, 4098.530450
[6][62] = 929.969866, 3700.883844, 10.991333, 14.000000, -22.747737, 4130.929427
[6][63] = 938.707756, 3735.929607, 10.839966, 14.000000, -22.556880, 4164.428386
[6][64] = 947.643987, 3771.770875, 11.261353, 14.000000, -22.364807, 4197.227382
[6][65] = 956.665529, 3807.954303, 11.325195, 14.000000, -22.174023, 4231.326356
[6][66] = 965.900433, 3844.993480, 11.597046, 14.000000, -21.981904, 4265.725337
[6][67] = 975.156186, 3882.116275, 11.577026, 14.000000, -21.792501, 4301.024308
[6][68] = 984.841199, 3920.960742, 11.956665, 14.000000, -21.597612, 4336.923279
[6][69] = 994.412512, 3959.349183, 12.043335, 14.000000, -21.408245, 4373.222256
[6][70] = 1004.211791, 3998.651941, 12.605835, 14.000000, -21.217621, 4409.121261
[6][71] = 1011.173808, 4026.575068, 11.932861, 14.000000, -21.084146, 4437.620482
[6][72] = 1022.081515, 4070.323491, 12.926025, 14.000000, -20.878218, 4476.619432
[6][73] = 1032.293043, 4111.279693, 13.119629, 14.000000, -20.688888, 4515.218411
[6][74] = 1042.844952, 4153.601088, 13.013672, 14.000000, -20.496667, 4556.017351
[6][75] = 1053.505491, 4196.358174, 13.107178, 14.000000, -20.305909, 4596.716312
[6][76] = 1064.438421, 4240.207760, 13.301392, 14.000000, -20.113778, 4638.215271
[6][77] = 1075.409887, 4284.211910, 13.458130, 14.000000, -19.924443, 4680.014241
[6][78] = 1086.748286, 4329.687745, 13.735718, 14.000000, -19.732337, 4722.913204
[6][79] = 1098.222366, 4375.707766, 13.598511, 14.000000, -19.541522, 4767.612142
[6][80] = 1106.376903, 4408.413827, 12.837891, 14.000000, -19.408053, 4801.411353
[6][81] = 1118.741216, 4458.004378, 13.314941, 14.000000, -19.208992, 4847.810287
[6][82] = 1130.827520, 4506.479893, 13.124512, 14.000000, -19.018171, 4895.209219
[6][83] = 1143.143087, 4555.874937, 13.306519, 14.000000, -18.827450, 4942.408176
[6][84] = 1155.711215, 4606.282943, 12.920898, 14.000000, -18.636583, 4992.407093
[6][85] = 1168.426696, 4657.281953, 12.994507, 14.000000, -18.447241, 5041.606048
[6][86] = 1181.499941, 4709.715873, 12.705566, 14.000000, -18.256406, 5093.404969
[6][87] = 1192.118530, 4752.304707, 15.369629, 14.000000, -18.104188, 5126.204298
[7][0] = 505.966030, 1736.538411, -4.914429, 16.000000, -41.336370, 2442.518901
[7][1] = 508.281634, 1744.613885, -0.412964, 16.000000, -41.206152, 2442.018945
[7][2] = 515.281896, 1769.026700, -0.301514, 16.000000, -40.816567, 2461.017255
[7][3] = 522.341796, 1793.647495, -0.271729, 16.000000, -40.429778, 2480.415556
[7][4] = 529.563968, 1818.834202, -0.073730, 16.000000, -40.040342, 2500.113857
[7][5] = 536.901226, 1844.422261, 0.270996, 16.000000, -39.651048, 2520.012169
[7][6] = 544.314846, 1870.276626, -0.131104, 16.000000, -39.264081, 2541.410382
[7][7] = 551.921494, 1896.804161, 0.389404, 16.000000, -38.873575, 2562.008690
[7][8] = 559.660837, 1923.794456, 0.648560, 16.000000, -38.482920, 2583.506954
[7][9] = 567.449770, 1950.957697, 0.754639, 16.000000, -38.096414, 2605.505206
[7][10] = 575.404824, 1978.700265, 0.671509, 16.000000, -37.708412, 2628.403418
[7][11] = 582.586026, 2003.744093, 0.399902, 16.000000, -37.363895, 2649.501798
[7][12] = 589.482120, 2027.793630, 0.775757, 16.000000, -37.038086, 2668.800339
[7][13] = 596.430327, 2052.024907, 0.510620, 16.000000, -36.714707, 2689.398805
[7][14] = 603.538089, 2076.812621, 0.812988, 16.000000, -36.388889, 2709.597322
[7][15] = 610.664043, 2101.663776, 0.957886, 16.000000, -36.067209, 2730.195834
[7][16] = 617.997504, 2127.238594, 0.980713, 16.000000, -35.741260, 2751.694304
[7][17] = 625.345368, 2152.863640, 1.368408, 16.000000, -35.419759, 2772.692832
[7][18] = 632.908339, 2179.238853, 1.763672, 16.000000, -35.094060, 2794.391334
[7][19] = 640.565126, 2205.941243, 1.849609, 16.000000, -34.769604, 2816.989799
[7][20] = 648.313760, 2232.963942, 1.913208, 16.000000, -34.446557, 2839.988262
[7][21] = 656.225142, 2260.554210, 1.963013, 16.000000, -34.122116, 2863.586711
[7][22] = 664.266565, 2288.597983, 2.224243, 16.000000, -33.797806, 2887.285178
[7][23] = 672.518364, 2317.375426, 2.330566, 16.000000, -33.470618, 2911.983607
[7][24] = 680.736398, 2346.035117, 2.101929, 16.000000, -33.150291, 2937.282026
[7][25] = 689.201181, 2375.555323, 2.279175, 16.000000, -32.825981, 2962.680465
[7][26] = 697.852671, 2405.726655, 2.487427, 16.000000, -32.500296, 2988.678895
[7][27] = 706.619503, 2436.300232, 2.824463, 16.000000, -32.176094, 3014.877341
[7][28] = 715.466928, 2467.154870, 3.178101, 16.000000, -31.854718, 3041.375796
[7][29] = 724.474003, 2498.566273, 3.623047, 16.000000, -31.533397, 3068.274254
[7][30] = 733.806769, 2531.113495, 4.216797, 16.000000, -31.206540, 3095.972695
[7][31] = 743.157391, 2563.722992, 4.416870, 16.000000, -30.885117, 3124.571115
[7][32] = 753.387751, 2599.400496, 5.445190, 16.000000, -30.540228, 3154.369498
[7][33] = 758.731658, 2618.036914, 4.362061, 16.000000, -30.362826, 3173.168494
[7][34] = 766.571420, 2645.377412, 4.366211, 16.000000, -30.105920, 3197.667203
[7][35] = 774.665657, 2673.605371, 4.301514, 16.000000, -29.844780, 3223.165880
[7][36] = 782.972467, 2702.574662, 4.649780, 16.000000, -29.581027, 3248.564583
[7][37] = 791.190086, 2731.232905, 4.888062, 16.000000, -29.324248, 3273.963306
[7][38] = 799.535090, 2760.335394, 5.446777, 16.000000, -29.067616, 3299.162059
[7][39] = 808.156461, 2790.401688, 5.967896, 16.000000, -28.806758, 3325.360782
[7][40] = 808.657042, 2792.147419, -6.078979, 16.000000, -28.791744, 3351.959506
[7][41] = 825.546656, 2851.048503, 6.876465, 16.000000, -28.293415, 3378.658246
[7][42] = 834.609903, 2882.655801, 7.189209, 16.000000, -28.032477, 3406.856936
[7][43] = 843.732472, 2914.469982, 7.291260, 16.000000, -27.774263, 3435.755616
[7][44] = 853.009816, 2946.823923, 7.560059, 16.000000, -27.516124, 3464.854309
[7][45] = 862.553695, 2980.107384, 7.743774, 16.000000, -27.255147, 3495.052975
[7][46] = 872.368067, 3014.334170, 8.260864, 16.000000, -26.991503, 3525.451656
[7][47] = 882.042034, 3048.071302, 8.598022, 16.000000, -26.736209, 3555.850360
[7][48] = 891.889780, 3082.414473, 8.854004, 16.000000, -26.480887, 3587.049052
[7][49] = 902.136577, 3118.149299, 9.176636, 16.000000, -26.219982, 3619.447718
[7][50] = 912.518510, 3154.355403, 9.454956, 16.000000, -25.960466, 3652.446383
[7][51] = 923.095305, 3191.241070, 9.730957, 16.000000, -25.700953, 3686.145045
[7][52] = 933.751099, 3228.402239, 10.273315, 16.000000, -25.444349, 3719.543742
[7][53] = 944.791217, 3266.903708, 10.689087, 16.000000, -25.183491, 3754.542402
[7][54] = 955.924436, 3305.729856, 11.130859, 16.000000, -24.925450, 3789.841076
[7][55] = 967.759986, 3347.005324, 12.471558, 16.000000, -24.656508, 3825.339767
[7][56] = 975.994258, 3375.721644, 12.206421, 16.000000, -24.472588, 3852.938765
[7][57] = 987.999418, 3417.588613, 12.855591, 16.000000, -24.209011, 3890.737417
[7][58] = 999.931235, 3459.199804, 13.020508, 16.000000, -23.952281, 3929.536060
[7][59] = 1012.690208, 3503.695630, 14.468750, 16.000000, -23.683368, 3967.934744
[7][60] = 1021.568262, 3534.657083, 14.569336, 16.000000, -23.499584, 3996.933766
[7][61] = 1031.907777, 3570.715259, 13.983276, 16.000000, -23.288912, 4032.532585
[7][62] = 1041.487785, 3604.124717, 14.559937, 16.000000, -23.096875, 4062.731600
[7][63] = 1051.006480, 3637.320349, 15.027344, 16.000000, -22.909010, 4093.030625
[7][64] = 1061.110396, 3672.556891, 15.519531, 16.000000, -22.712735, 4125.229606
[7][65] = 1070.873581, 3706.605166, 15.397583, 16.000000, -22.526082, 4157.928586
[7][66] = 1081.305185, 3742.984490, 15.986084, 16.000000, -22.329839, 4191.027571
[7][67] = 1091.463920, 3778.412212, 15.977173, 16.000000, -22.141824, 4224.826550
[7][68] = 1102.091879, 3815.476307, 16.345337, 16.000000, -21.948318, 4259.225528
[7][69] = 1112.590586, 3852.089652, 16.305664, 16.000000, -21.760297, 4294.324502
[7][70] = 1123.656128, 3890.679781, 16.758911, 16.000000, -21.565416, 4330.023476
[7][71] = 1134.752058, 3929.375889, 17.113403, 16.000000, -21.373311, 4366.122455
[7][72] = 1145.879042, 3968.180293, 17.155884, 16.000000, -21.183918, 4403.221423
[7][73] = 1157.272623, 4007.914431, 17.713501, 16.000000, -20.993278, 4439.820422
[7][74] = 1168.792127, 4048.087717, 17.576294, 16.000000, -20.803834, 4478.819373
[7][75] = 1180.676745, 4089.534304, 18.101440, 16.000000, -20.611782, 4517.218359
[7][76] = 1192.783064, 4131.754057, 18.196899, 16.000000, -20.419604, 4557.617310
[7][77] = 1204.930479, 4174.117129, 18.148560, 16.000000, -20.230193, 4598.616264
[7][78] = 1217.391297, 4217.573164, 18.034424, 16.000000, -20.039363, 4640.915204
[7][79] = 1230.167301, 4262.128385, 18.368286, 16.000000, -19.847259, 4683.014168
[7][80] = 1243.096179, 4307.216743, 18.214355, 16.000000, -19.656423, 4727.113103
[7][81] = 1256.353419, 4353.450231, 18.717041, 16.000000, -19.464367, 4770.412077
[7][82] = 1269.672768, 4399.900321, 18.835205, 16.000000, -19.275011, 4815.111036
[7][83] = 1283.444295, 4447.927342, 19.207153, 16.000000, -19.082920, 4860.609997
[7][84] = 1297.276783, 4496.166963, 19.656494, 16.000000, -18.893654, 4906.108977
[7][85] = 1311.496275, 4545.756224, 19.508911, 16.000000, -18.702829, 4954.807905
[7][86] = 1326.111420, 4596.725292, 19.078247, 16.000000, -18.510530, 5005.806806
[7][87] = 1340.802830, 4647.960327, 18.629272, 16.000000, -18.321037, 5057.205721
[7][88] = 1356.011046, 4700.997680, 18.349487, 16.000000, -18.128786, 5109.904630
[8][0] = 573.380866, 1737.529484, -4.586304, 18.000000, -41.017320, 2457.617556
[8][1] = 581.320518, 1761.965222, -4.781250, 18.000000, -40.626182, 2477.415817
[8][2] = 589.382423, 1786.777214, -4.704102, 18.000000, -40.235291, 2497.214106
[8][3] = 597.544226, 1811.896661, -4.587646, 18.000000, -39.845875, 2517.312396
[8][4] = 605.837899, 1837.421960, -4.380981, 18.000000, -39.456560, 2537.710689
[8][5] = 614.242062, 1863.287314, -4.433838, 18.000000, -39.068508, 2558.908943
[8][6] = 622.812061, 1889.663061, -4.088501, 18.000000, -38.679357, 2580.007234
[8][7] = 631.564690, 1916.600883, -4.070068, 18.000000, -38.288614, 2602.205467
[8][8] = 640.043548, 1942.696122, -3.672119, 18.000000, -37.916422, 2623.203822
[8][9] = 647.652699, 1966.114683, -3.601807, 18.000000, -37.587610, 2642.602325
[8][10] = 655.341565, 1989.778578, -3.477051, 18.000000, -37.260259, 2662.200836
[8][11] = 663.116958, 2013.708779, -3.648804, 18.000000, -36.934151, 2682.599309
[8][12] = 671.040424, 2038.094698, -3.536865, 18.000000, -36.606836, 2702.997804
[8][13] = 679.086181, 2062.856994, -3.422974, 18.000000, -36.279542, 2723.796294
[8][14] = 687.187578, 2087.790527, -3.349487, 18.000000, -35.955052, 2744.894785
[8][15] = 695.374777, 2112.988136, -2.920532, 18.000000, -35.632195, 2765.693320
[8][16] = 703.658983, 2138.484302, -2.762085, 18.000000, -35.310598, 2787.291822
[8][17] = 712.226490, 2164.852375, -2.813232, 18.000000, -34.983280, 2810.090265
[8][18] = 720.822610, 2191.308514, -2.939331, 18.000000, -34.660153, 2833.188714
[8][19] = 729.588975, 2218.288609, -2.474609, 18.000000, -34.335968, 2855.787221
[8][20] = 738.430563, 2245.500219, -2.469360, 18.000000, -34.014352, 2879.485680
[8][21] = 747.459623, 2273.288809, -2.467163, 18.000000, -33.691347, 2903.784126
[8][22] = 756.721732, 2301.794648, -2.398071, 18.000000, -33.365585, 2928.682560
[8][23] = 766.147737, 2330.804911, -2.527222, 18.000000, -33.039735, 2954.480966
[8][24] = 775.734275, 2360.309239, -2.312866, 18.000000, -32.714080, 2980.179406
[8][25] = 785.365029, 2389.949654, -2.147217, 18.000000, -32.392625, 3006.177854
[8][26] = 795.165994, 2420.113923, -1.899780, 18.000000, -32.071222, 3032.576306
[8][27] = 805.363015, 2451.497127, -1.611938, 18.000000, -31.742831, 3060.074721
[8][28] = 815.439501, 2482.509362, -1.503540, 18.000000, -31.424191, 3087.673160
[8][29] = 825.921556, 2514.769810, -0.922729, 18.000000, -31.098769, 3115.571609
[8][30] = 835.856852, 2545.347506, -0.210327, 18.000000, -30.795877, 3141.770178
[8][31] = 844.469134, 2571.853385, -0.171509, 18.000000, -30.537595, 3165.668893
[8][32] = 853.400206, 2599.340397, 0.196899, 18.000000, -30.273857, 3189.867612
[8][33] = 862.235410, 2626.532358, 0.208252, 18.000000, -30.016980, 3214.566324
[8][34] = 871.257264, 2654.298772, 0.263184, 18.000000, -29.758727, 3239.765030
[8][35] = 880.521522, 2682.811225, 0.389771, 18.000000, -29.497706, 3265.563726
[8][36] = 889.882307, 2711.620759, 0.680054, 18.000000, -29.238167, 3291.362443
[8][37] = 899.290445, 2740.576030, 1.062744, 18.000000, -28.981480, 3317.161179
[8][38] = 909.016595, 2770.510041, 1.039185, 18.000000, -28.720411, 3344.759849
[8][39] = 918.954754, 2801.096551, 1.288086, 18.000000, -28.458062, 3372.458536
[8][40] = 928.785954, 2831.353873, 1.752563, 18.000000, -28.202826, 3399.457277
[8][41] = 938.793644, 2862.154377, 1.492432, 18.000000, -27.947292, 3428.555942
[8][42] = 949.297488, 2894.481885, 1.927979, 18.000000, -27.683631, 3457.654630
[8][43] = 959.642043, 2926.319151, 2.408691, 18.000000, -27.428413, 3486.253361
[8][44] = 970.288332, 2959.085058, 2.532227, 18.000000, -27.170246, 3516.552040
[8][45] = 981.173632, 2992.586567, 3.178101, 18.000000, -26.910888, 3546.450758
[8][46] = 992.318385, 3026.886591, 3.641968, 18.000000, -26.650056, 3577.549448
[8][47] = 1003.610899, 3061.641374, 3.786743, 18.000000, -26.390506, 3609.848110
[8][48] = 1014.857811, 3096.255809, 4.078857, 18.000000, -26.136631, 3641.746813
[8][49] = 1026.629874, 3132.486496, 4.320068, 18.000000, -25.875723, 3675.345471
[8][50] = 1038.687798, 3169.596968, 4.689209, 18.000000, -25.613463, 3709.544130
[8][51] = 1050.715013, 3206.612931, 4.917480, 18.000000, -25.356767, 3744.042802
[8][52] = 1063.170734, 3244.947698, 5.364258, 18.000000, -25.095945, 3779.341468
[8][53] = 1075.939340, 3284.245425, 5.841309, 18.000000, -24.833733, 3815.540126
[8][54] = 1088.895470, 3324.120296, 6.154541, 18.000000, -24.572867, 3852.738773
[8][55] = 1102.039414, 3364.573194, 6.515015, 18.000000, -24.313423, 3890.437428
[8][56] = 1115.589597, 3406.276370, 7.224365, 18.000000, -24.051296, 3928.536095
[8][57] = 1129.348930, 3448.623244, 7.756958, 18.000000, -23.790511, 3967.734750
[8][58] = 1142.463811, 3488.986697, 9.149048, 18.000000, -23.546854, 4002.933566
[8][59] = 1152.906205, 3521.125079, 9.595337, 18.000000, -23.356190, 4032.632582
[8][60] = 1163.507159, 3553.751461, 10.236572, 18.000000, -23.165591, 4062.331613
[8][61] = 1174.278526, 3586.902319, 10.652588, 18.000000, -22.974916, 4093.130622
[8][62] = 1185.297378, 3620.814861, 11.286011, 18.000000, -22.782909, 4124.129640
[8][63] = 1196.503222, 3655.302902, 11.410278, 18.000000, -22.590736, 4157.028614
[8][64] = 1207.882664, 3690.325222, 11.975220, 18.000000, -22.398707, 4189.327623
[8][65] = 1219.292820, 3725.442071, 11.789429, 18.000000, -22.209244, 4223.726583
[8][66] = 1230.965959, 3761.368301, 12.104614, 18.000000, -22.018540, 4257.625575
[8][67] = 1242.837698, 3797.905756, 12.168701, 18.000000, -21.827758, 4292.824546
[8][68] = 1255.084039, 3835.596116, 12.403198, 18.000000, -21.634225, 4328.723513
[8][69] = 1267.354166, 3873.359686, 12.860352, 18.000000, -21.443567, 4364.122511
[8][70] = 1279.839267, 3911.784875, 13.052734, 18.000000, -21.252828, 4400.921486
[8][71] = 1292.635023, 3951.166163, 13.198120, 18.000000, -21.060674, 4438.820449
[8][72] = 1305.753500, 3991.540684, 13.240112, 18.000000, -20.867088, 4478.019395
[8][73] = 1318.820116, 4031.755593, 12.961670, 18.000000, -20.677619, 4518.018338
[8][74] = 1332.417911, 4073.605303, 12.564209, 18.000000, -20.483912, 4560.017248
[8][75] = 1346.259402, 4116.205030, 12.376709, 18.000000, -20.290269, 4602.216173
[8][76] = 1359.010434, 4155.448672, 12.523682, 18.000000, -20.114961, 4640.215221
[8][77] = 1373.122668, 4198.881663, 12.924438, 18.000000, -19.924294, 4681.614202
[8][78] = 1387.503257, 4243.140566, 13.000977, 18.000000, -19.733537, 4724.813158
[8][79] = 1402.257107, 4288.548246, 13.303711, 18.000000, -19.541441, 4768.512121
[8][80] = 1417.518476, 4335.517911, 13.398438, 18.000000, -19.346484, 4814.411052
[8][81] = 1432.844241, 4382.685765, 13.868652, 18.000000, -19.154434, 4859.410024
[8][82] = 1448.251900, 4430.105663, 13.713135, 18.000000, -18.965023, 4906.608965
[8][83] = 1464.073831, 4478.800560, 13.660889, 18.000000, -18.774240, 4954.807905
[8][84] = 1479.985010, 4527.770134, 12.884399, 18.000000, -18.586077, 5005.606810
[8][85] = 1496.558292, 4578.777451, 12.902466, 18.000000, -18.393916, 5056.005746
[8][86] = 1513.228516, 4630.083124, 12.530029, 18.000000, -18.204464, 5108.004669
[8][87] = 1526.725344, 4671.622089, 15.872925, 18.000000, -18.053817, 5138.404050
[9][0] = 624.653486, 1689.726394, -5.051147, 20.000000, -41.458648, 2436.819413
[9][1] = 630.012838, 1704.451093, 0.287598, 20.000000, -41.215127, 2440.519080
[9][2] = 638.666529, 1728.226911, 0.279419, 20.000000, -40.826848, 2459.617379
[9][3] = 647.451572, 1752.363620, 0.533325, 20.000000, -40.438809, 2478.715704
[9][4] = 656.439964, 1777.059025, 0.890503, 20.000000, -40.048070, 2498.214020
[9][5] = 665.481291, 1801.899865, 0.880371, 20.000000, -39.661323, 2518.512295
[9][6] = 674.764146, 1827.404301, 1.287720, 20.000000, -39.270692, 2538.810598
[9][7] = 684.069970, 1852.971840, 1.417114, 20.000000, -38.885525, 2559.708878
[9][8] = 693.668823, 1879.344472, 1.659180, 20.000000, -38.494845, 2581.207138
[9][9] = 703.435984, 1906.179526, 1.714600, 20.000000, -38.104075, 2603.505364
[9][10] = 713.374496, 1933.485364, 1.717163, 20.000000, -37.713306, 2626.403573
[9][11] = 722.288603, 1957.976671, 1.137817, 20.000000, -37.368582, 2648.001913
[9][12] = 730.957883, 1981.795323, 1.364502, 20.000000, -37.038455, 2667.800414
[9][13] = 739.686321, 2005.776510, 1.483521, 20.000000, -36.711092, 2687.998908
[9][14] = 748.285812, 2029.403417, 1.294189, 20.000000, -36.393398, 2708.497403
[9][15] = 757.354499, 2054.319431, 1.749268, 20.000000, -36.063470, 2729.095913
[9][16] = 766.379646, 2079.115817, 1.605103, 20.000000, -35.740225, 2750.694374
[9][17] = 775.694095, 2104.707055, 2.259766, 20.000000, -35.411850, 2771.692901
[9][18] = 784.885694, 2129.960766, 2.211914, 20.000000, -35.092913, 2793.691382
[9][19] = 794.426798, 2156.174734, 2.406494, 20.000000, -34.767110, 2816.189853
[9][20] = 804.206898, 2183.045337, 2.747681, 20.000000, -34.438596, 2839.088322
[9][21] = 814.160023, 2210.391325, 2.583984, 20.000000, -34.109817, 2863.386724
[9][22] = 824.060149, 2237.591696, 2.681152, 20.000000, -33.788223, 2887.185185
[9][23] = 834.340507, 2265.836749, 3.281372, 20.000000, -33.459891, 2911.083664
[9][24] = 844.667926, 2294.211100, 3.712402, 20.000000, -33.135692, 2935.482138
[9][25] = 855.091050, 2322.848396, 3.716919, 20.000000, -32.814090, 2960.980569
[9][26] = 865.837908, 2352.375148, 3.661499, 20.000000, -32.488260, 2987.478967
[9][27] = 876.682392, 2382.170121, 3.626221, 20.000000, -32.165265, 3014.277376
[9][28] = 887.721801, 2412.500647, 3.632324, 20.000000, -31.842307, 3041.575784
[9][29] = 898.909418, 2443.238374, 3.880249, 20.000000, -31.520886, 3068.874220
[9][30] = 910.402351, 2474.814946, 4.205200, 20.000000, -31.196706, 3096.872645
[9][31] = 922.114985, 2506.995143, 4.342896, 20.000000, -30.872445, 3125.871043
[9][32] = 933.998674, 2539.645311, 4.492065, 20.000000, -30.549607, 3155.369444
[9][33] = 944.313025, 2567.983758, 4.208008, 20.000000, -30.274310, 3181.868033
[9][34] = 954.148186, 2595.005641, 4.109863, 20.000000, -30.015957, 3206.866723
[9][35] = 964.238263, 2622.727901, 4.513916, 20.000000, -29.755034, 3231.565449
[9][36] = 974.600193, 2651.197068, 4.988403, 20.000000, -29.491338, 3256.864164
[9][37] = 984.747721, 2679.077174, 4.831421, 20.000000, -29.237193, 3282.962858
[9][38] = 995.340529, 2708.180673, 4.870239, 20.000000, -28.976123, 3309.861535
[9][39] = 1006.159869, 2737.906567, 5.315186, 20.000000, -28.713834, 3336.560242
[9][40] = 1016.869194, 2767.330193, 5.508545, 20.000000, -28.458458, 3363.558956
[9][41] = 1027.876355, 2797.572119, 5.713013, 20.000000, -28.200284, 3391.357653
[9][42] = 1039.069519, 2828.325087, 5.935913, 20.000000, -27.942124, 3419.656348
[9][43] = 1050.638751, 2860.111291, 6.312134, 20.000000, -27.679822, 3448.655033
[9][44] = 1062.281507, 2892.099499, 6.848267, 20.000000, -27.420395, 3477.553745
[9][45] = 1073.932934, 2924.111530, 7.508545, 20.000000, -27.165230, 3506.252487
[9][46] = 1085.988322, 2957.233437, 8.029297, 20.000000, -26.905800, 3536.351189
[9][47] = 1098.197507, 2990.777897, 8.348389, 20.000000, -26.647695, 3567.349875
[9][48] = 1110.623317, 3024.917531, 8.900024, 20.000000, -26.389684, 3598.448580
[9][49] = 1123.282070, 3059.697169, 9.168457, 20.000000, -26.131566, 3630.847254
[9][50] = 1136.244728, 3095.311779, 9.504883, 20.000000, -25.872074, 3663.945923
[9][51] = 1149.452438, 3131.599663, 9.798950, 20.000000, -25.612569, 3697.844586
[9][52] = 1162.691157, 3167.972744, 10.111450, 20.000000, -25.357285, 3731.843268
[9][53] = 1176.622156, 3206.247850, 10.839600, 20.000000, -25.093736, 3766.741941
[9][54] = 1190.757456, 3245.084269, 11.350708, 20.000000, -24.831511, 3802.740597
[9][55] = 1205.175095, 3284.696405, 11.861450, 20.000000, -24.569288, 3839.539250
[9][56] = 1219.405204, 3323.793307, 12.478882, 20.000000, -24.315523, 3875.637953
[9][57] = 1234.561544, 3365.435009, 13.299316, 20.000000, -24.050603, 3913.736610
[9][58] = 1249.620655, 3406.809578, 14.153076, 20.000000, -23.792709, 3951.535303
[9][59] = 1265.073536, 3449.266020, 15.079346, 20.000000, -23.533435, 3990.233991
[9][60] = 1280.940371, 3492.859791, 15.860718, 20.000000, -23.272706, 4030.432654
[9][61] = 1294.172305, 3529.214231, 15.828613, 20.000000, -23.059413, 4065.731502
[9][62] = 1306.020285, 3561.766288, 16.288452, 20.000000, -22.871542, 4096.130526
[9][63] = 1318.334092, 3595.598193, 16.350342, 20.000000, -22.679332, 4128.829493
[9][64] = 1330.755527, 3629.725806, 16.386108, 20.000000, -22.488519, 4161.928463
[9][65] = 1343.365705, 3664.371985, 17.009521, 20.000000, -22.297896, 4194.027480
[9][66] = 1356.287453, 3699.874196, 17.163940, 20.000000, -22.105721, 4228.226449
[9][67] = 1369.230882, 3735.435975, 17.317871, 20.000000, -21.916353, 4262.525431
[9][68] = 1382.677975, 3772.381560, 17.728027, 20.000000, -21.722858, 4297.524409
[9][69] = 1396.058590, 3809.144497, 17.973267, 20.000000, -21.533520, 4332.823396
[9][70] = 1409.961853, 3847.343397, 18.597778, 20.000000, -21.340091, 4368.522387
[9][71] = 1423.590406, 3884.787539, 19.214966, 20.000000, -21.153673, 4403.521415
[9][72] = 1438.099346, 3924.650526, 19.042358, 20.000000, -20.958600, 4443.120333
[9][73] = 1452.436491, 3964.041508, 19.009399, 20.000000, -20.769183, 4481.919291
[9][74] = 1467.240344, 4004.714760, 19.121582, 20.000000, -20.577006, 4521.618244
[9][75] = 1482.643545, 4047.034707, 19.257202, 20.000000, -20.380628, 4562.917173
[9][76] = 1498.113388, 4089.537750, 19.125732, 20.000000, -20.186982, 4605.216097
[9][77] = 1513.417160, 4131.584519, 18.654663, 20.000000, -19.998854, 4648.115025
[9][78] = 1529.325469, 4175.292239, 19.274414, 20.000000, -19.806829, 4689.514010
[9][79] = 1545.321815, 4219.241838, 18.704590, 20.000000, -19.617278, 4734.712922
[9][80] = 1561.841084, 4264.628156, 18.968750, 20.000000, -19.425155, 4778.911877
[9][81] = 1578.442964, 4310.241448, 18.660889, 20.000000, -19.235684, 4825.110806
[9][82] = 1595.610307, 4357.408335, 18.553223, 20.000000, -19.043465, 4872.309733
[9][83] = 1612.983623, 4405.141127, 18.517944, 20.000000, -18.852670, 4919.908671
[9][84] = 1630.560232, 4453.432464, 18.774658, 20.000000, -18.663357, 4967.207636
[9][85] = 1648.759081, 4503.433390, 18.759644, 20.000000, -18.471169, 5017.106566
[9][86] = 1666.922875, 4553.338004, 18.480957, 20.000000, -18.283124, 5067.805499
[9][87] = 1685.986380, 4605.714552, 19.116333, 20.000000, -18.089703, 5118.104463
[10][0] = -636.082270, 1732.116629, -1.135132, 340.000000, -40.763899, 2464.916911
[10][1] = -644.564774, 1755.422115, -0.712280, 340.000000, -40.390074, 2483.115322
[10][2] = -653.507284, 1779.991462, -0.466675, 340.000000, -40.002088, 2502.713635
[10][3] = -662.593054, 1804.954410, -0.138550, 340.000000, -39.614198, 2522.611950
[10][4] = -671.826418, 1830.322867, 0.278076, 340.000000, -39.226401, 2542.810266
[10][5] = -681.249482, 1856.212523, 0.591553, 340.000000, -38.837159, 2563.708552
[10][6] = -690.759176, 1882.340193, 1.095337, 340.000000, -38.450886, 2584.606866
[10][7] = -700.471046, 1909.023338, 1.332153, 340.000000, -38.063058, 2606.505128
[10][8] = -710.317194, 1936.075405, 1.459717, 340.000000, -37.676595, 2629.003372
[10][9] = -719.276477, 1960.690835, 1.255859, 340.000000, -37.330710, 2650.101753
[10][10] = -727.887617, 1984.349746, 1.405884, 340.000000, -37.003348, 2669.900257
[10][11] = -736.550140, 2008.149834, 1.796265, 340.000000, -36.678965, 2689.498797
[10][12] = -745.313352, 2032.226561, 1.778564, 340.000000, -36.355754, 2710.097286
[10][13] = -754.241719, 2056.757047, 2.275879, 340.000000, -36.031469, 2730.295826
[10][14] = -763.236134, 2081.468999, 2.440186, 340.000000, -35.709810, 2751.294332
[10][15] = -772.486602, 2106.884450, 2.946777, 340.000000, -35.384152, 2772.392853
[10][16] = -781.887580, 2132.713425, 3.357544, 340.000000, -35.058452, 2794.091355
[10][17] = -791.403508, 2158.858223, 3.570435, 340.000000, -34.734056, 2816.489833
[10][18] = -801.036628, 2185.325002, 3.593994, 340.000000, -34.410976, 2839.588289
[10][19] = -810.949749, 2212.561077, 4.102173, 340.000000, -34.083966, 2862.586776
[10][20] = -820.860571, 2239.790838, 4.371948, 340.000000, -33.762455, 2886.085255
[10][21] = -831.065481, 2267.828598, 5.025391, 340.000000, -33.436950, 2909.683753
[10][22] = -841.408523, 2296.245873, 5.301636, 340.000000, -33.112657, 2934.382206
[10][23] = -851.932008, 2325.158909, 5.591675, 340.000000, -32.788384, 2959.580654
[10][24] = -862.638579, 2354.574971, 6.061035, 340.000000, -32.464215, 2984.979117
[10][25] = -873.586693, 2384.654667, 6.410156, 340.000000, -32.138590, 3011.277553
[10][26] = -884.638756, 2415.019961, 6.675415, 340.000000, -31.815742, 3038.075987
[10][27] = -895.887813, 2445.926493, 7.240845, 340.000000, -31.493054, 3064.874448
[10][28] = -907.344537, 2477.403581, 7.854248, 340.000000, -31.170395, 3092.172908
[10][29] = -919.019775, 2509.481034, 8.272705, 340.000000, -30.847649, 3120.471339
[10][30] = -930.963436, 2542.295973, 9.023682, 340.000000, -30.523665, 3148.869794
[10][31] = -941.349503, 2570.831457, 8.646118, 340.000000, -30.246894, 3175.668361
[10][32] = -951.137052, 2597.722527, 9.156738, 340.000000, -29.990202, 3199.267119
[10][33] = -961.139588, 2625.204270, 9.265625, 340.000000, -29.731926, 3224.265823
[10][34] = -971.512301, 2653.703065, 10.013062, 340.000000, -29.468330, 3248.964563
[10][35] = -981.884229, 2682.199702, 10.829346, 340.000000, -29.208977, 3273.563326
[10][36] = -992.381472, 2711.040639, 10.898926, 340.000000, -28.950698, 3300.062015
[10][37] = -1003.044909, 2740.338194, 11.298096, 340.000000, -28.692570, 3326.360734
[10][38] = -1014.060496, 2770.603269, 11.865112, 340.000000, -28.430307, 3353.259444
[10][39] = -1025.084434, 2800.891291, 12.323486, 340.000000, -28.172211, 3380.458161
[10][40] = -1036.360240, 2831.871314, 12.593262, 340.000000, -27.912634, 3408.756848
[10][41] = -1047.894453, 2863.561301, 12.780762, 340.000000, -27.651624, 3437.955516
[10][42] = -1059.695703, 2895.984971, 12.899780, 340.000000, -27.389188, 3468.054166
[10][43] = -1071.377544, 2928.080564, 13.319092, 340.000000, -27.133898, 3497.252879
[10][44] = -1083.465376, 2961.291610, 13.558472, 340.000000, -26.874329, 3527.951549
[10][45] = -1095.964625, 2995.633015, 14.213745, 340.000000, -26.610717, 3558.850233
[10][46] = -1108.429927, 3029.881150, 14.451294, 340.000000, -26.352557, 3590.648902
[10][47] = -1121.124213, 3064.758416, 14.670288, 340.000000, -26.094395, 3623.147567
[10][48] = -1134.191407, 3100.660236, 15.122559, 340.000000, -25.833519, 3656.146235
[10][49] = -1147.574051, 3137.428746, 15.824707, 340.000000, -25.571336, 3689.444915
[10][50] = -1161.149385, 3174.726671, 16.120239, 340.000000, -25.310405, 3724.243561
[10][51] = -1174.836095, 3212.330596, 16.523682, 340.000000, -25.052323, 3759.142228
[10][52] = -1188.940164, 3251.081209, 17.033203, 340.000000, -24.791477, 3794.940886
[10][53] = -1203.320137, 3290.589859, 17.783081, 340.000000, -24.530718, 3830.939562
[10][54] = -1217.988987, 3330.892195, 18.575317, 340.000000, -24.269973, 3867.638238
[10][55] = -1232.961667, 3372.029293, 19.140625, 340.000000, -24.009148, 3905.736889
[10][56] = -1248.168144, 3413.808747, 19.330811, 340.000000, -23.749596, 3945.435512
[10][57] = -1263.519093, 3455.985131, 19.621704, 340.000000, -23.492890, 3985.334155
[10][58] = -1276.449187, 3491.510273, 18.743164, 340.000000, -23.280695, 4021.832938
[10][59] = -1288.261693, 3523.964866, 19.127197, 340.000000, -23.089982, 4052.231941
[10][60] = -1290.749304, 3530.799521, 9.187256, 340.000000, -23.050196, 4084.230907
[10][61] = -1312.902842, 3591.665866, 19.815308, 340.000000, -22.701515, 4116.029895
[10][62] = -1325.215495, 3625.494602, 19.595215, 340.000000, -22.512010, 4149.428850
[10][63] = -1337.893759, 3660.327847, 20.260376, 340.000000, -22.319989, 4181.527861
[10][64] = -1350.688887, 3695.482172, 20.786255, 340.000000, -22.129324, 4214.326866
[10][65] = -1363.601631, 3730.959645, 21.176880, 340.000000, -21.940020, 4247.825865
[10][66] = -1377.110485, 3768.074917, 22.021484, 340.000000, -21.745245, 4281.724869
[10][67] = -1390.375757, 3804.520951, 21.821777, 340.000000, -21.557160, 4317.823825
[10][68] = -1404.155067, 3842.379294, 22.181396, 340.000000, -21.365040, 4353.822801
[10][69] = -1417.966773, 3880.326645, 22.511353, 340.000000, -21.175719, 4390.021788
[10][70] = -1432.322368, 3919.768318, 23.233765, 340.000000, -20.982307, 4426.620781
[10][71] = -1446.517668, 3958.769586, 23.417480, 340.000000, -20.794344, 4464.319761
[10][72] = -1461.393188, 3999.639739, 23.697144, 340.000000, -20.600799, 4503.618716
[10][73] = -1476.099566, 4040.045180, 23.795288, 340.000000, -20.412814, 4543.017687
[10][74] = -1491.619587, 4082.686088, 24.391724, 340.000000, -20.217960, 4583.216654
[10][75] = -1506.868437, 4124.581959, 24.401855, 340.000000, -20.029952, 4624.415615
[10][76] = -1522.855901, 4168.507157, 24.665894, 340.000000, -19.836406, 4666.914562
[10][77] = -1538.668360, 4211.951530, 24.951172, 340.000000, -19.648479, 4708.913540
[10][78] = -1555.371011, 4257.841687, 25.652954, 340.000000, -19.453652, 4752.112508
[10][79] = -1571.663936, 4302.606130, 26.025024, 340.000000, -19.267152, 4795.211497
[10][80] = -1589.008711, 4350.260508, 26.850708, 340.000000, -19.072356, 4839.810469
[10][81] = -1605.940191, 4396.779368, 27.120239, 340.000000, -18.885827, 4885.009447
[10][82] = -1623.825936, 4445.920047, 28.457764, 340.000000, -18.692567, 4929.508459
[10][83] = -1641.581748, 4494.703740, 28.024170, 340.000000, -18.504448, 4979.207377
[10][84] = -1660.084557, 4545.539790, 28.130249, 340.000000, -18.312265, 5029.306307
[10][85] = -1678.684368, 4596.642351, 28.364746, 340.000000, -18.122922, 5079.305261
[11][0] = -569.274109, 1737.200920, -5.020386, 342.000000, -41.022621, 2458.017520
[11][1] = -577.208140, 1761.619358, -4.961426, 342.000000, -40.631675, 2477.415817
[11][2] = -585.212089, 1786.252979, -5.041382, 342.000000, -40.243486, 2497.314097
[11][3] = -593.394486, 1811.435808, -4.506226, 342.000000, -39.852963, 2516.812438
[11][4] = -601.624980, 1836.766662, -4.275024, 342.000000, -39.466475, 2537.010747
[11][5] = -610.023922, 1862.615949, -4.212891, 342.000000, -39.078500, 2558.009017
[11][6] = -618.531280, 1888.798904, -4.095581, 342.000000, -38.692004, 2579.307291
[11][7] = -627.176285, 1915.405494, -3.567261, 342.000000, -38.305812, 2600.405609
[11][8] = -635.713892, 1941.681546, -3.207153, 342.000000, -37.930778, 2621.603946
[11][9] = -643.218024, 1964.776892, -3.001953, 342.000000, -37.606262, 2640.502486
[11][10] = -650.802484, 1988.119457, -2.987183, 342.000000, -37.283051, 2660.001002
[11][11] = -658.563142, 2012.004308, -2.708374, 342.000000, -36.957216, 2679.599532
[11][12] = -666.408265, 2036.149113, -2.490234, 342.000000, -36.632767, 2699.598053
[11][13] = -674.440512, 2060.869829, -2.113037, 342.000000, -36.305620, 2719.896575
[11][14] = -682.499773, 2085.673683, -2.236450, 342.000000, -35.982406, 2741.195048
[11][15] = -690.676832, 2110.840082, -1.835571, 342.000000, -35.659521, 2761.993579
[11][16] = -699.059189, 2136.638325, -1.655396, 342.000000, -35.333712, 2783.792063
[11][17] = -707.426508, 2162.390285, -1.335571, 342.000000, -35.013618, 2805.390584
[11][18] = -716.153399, 2189.248892, -0.995972, 342.000000, -34.685121, 2827.989061
[11][19] = -724.872226, 2216.082683, -0.622314, 342.000000, -34.362274, 2850.587562
[11][20] = -733.777237, 2243.489488, -0.429199, 342.000000, -34.037935, 2874.086029
[11][21] = -742.787198, 2271.219298, 0.134155, 342.000000, -33.715216, 2897.284539
[11][22] = -751.916016, 2299.314910, 0.309448, 342.000000, -33.393702, 2921.583004
[11][23] = -761.358703, 2328.376514, 0.886108, 342.000000, -33.066795, 2946.081482
[11][24] = -770.932024, 2357.840166, 1.101196, 342.000000, -32.741114, 2971.679919
[11][25] = -780.509512, 2387.316644, 1.100952, 342.000000, -32.420952, 2997.778352
[11][26] = -790.423260, 2417.828023, 1.479980, 342.000000, -32.095379, 3024.176795
[11][27] = -800.434598, 2448.639751, 1.569824, 342.000000, -31.772481, 3051.475214
[11][28] = -810.762271, 2480.425061, 1.745483, 342.000000, -31.445427, 3079.573615
[11][29] = -821.372369, 2513.079584, 2.114136, 342.000000, -31.115669, 3108.172017
[11][30] = -831.293651, 2543.614152, 3.136719, 342.000000, -30.812905, 3133.670618
[11][31] = -839.984468, 2570.361736, 3.665894, 342.000000, -30.552026, 3156.769369
[11][32] = -848.718815, 2597.243292, 3.927612, 342.000000, -30.293834, 3180.568102
[11][33] = -857.731150, 2624.980406, 4.405762, 342.000000, -30.031535, 3204.766832
[11][34] = -866.692023, 2652.559139, 4.738403, 342.000000, -29.774789, 3229.165572
[11][35] = -875.945699, 2681.039026, 5.009766, 342.000000, -29.513808, 3254.564280
[11][36] = -885.246623, 2709.664325, 5.325317, 342.000000, -29.255660, 3280.063002
[11][37] = -894.749057, 2738.909810, 5.700806, 342.000000, -28.996139, 3306.061721
[11][38] = -904.407974, 2768.636900, 6.074585, 342.000000, -28.736621, 3332.560435
[11][39] = -914.275397, 2799.005705, 6.803711, 342.000000, -28.475856, 3358.959174
[11][40] = -924.203854, 2829.562355, 7.351318, 342.000000, -28.217821, 3385.957904
[11][41] = -934.413051, 2860.983030, 7.780273, 342.000000, -27.956932, 3414.056605
[11][42] = -944.800650, 2892.952773, 8.098999, 342.000000, -27.695999, 3442.955290
[11][43] = -955.257856, 2925.136743, 8.259644, 342.000000, -27.437813, 3472.453971
[11][44] = -965.896546, 2957.879264, 8.503906, 342.000000, -27.179667, 3502.352656
[11][45] = -976.841121, 2991.563203, 8.810913, 342.000000, -26.918743, 3533.051330
[11][46] = -987.984911, 3025.860262, 9.042847, 342.000000, -26.657793, 3564.549993
[11][47] = -999.269676, 3060.591198, 9.350098, 342.000000, -26.398280, 3596.348666
[11][48] = -1010.700308, 3095.771065, 9.604980, 342.000000, -26.140154, 3628.747339
[11][49] = -1022.595092, 3132.379447, 10.036621, 342.000000, -25.876486, 3662.145995
[11][50] = -1034.456654, 3168.885580, 10.494751, 342.000000, -25.618444, 3695.444680
[11][51] = -1046.607938, 3206.283387, 11.036499, 342.000000, -25.359032, 3729.443361
[11][52] = -1059.193427, 3245.017539, 11.754028, 342.000000, -25.095475, 3764.342031
[11][53] = -1071.758695, 3283.689460, 12.129639, 342.000000, -24.837407, 3800.040697
[11][54] = -1084.644921, 3323.349185, 12.295654, 342.000000, -24.577863, 3837.239333
[11][55] = -1097.779820, 3363.774248, 12.954346, 342.000000, -24.318497, 3874.038010
[11][56] = -1111.330270, 3405.478245, 13.435303, 342.000000, -24.056263, 3912.536652
[11][57] = -1125.086895, 3447.816780, 13.900879, 342.000000, -23.795428, 3951.735296
[11][58] = -1138.203354, 3488.185091, 14.995361, 342.000000, -23.551647, 3987.534081
[11][59] = -1148.722999, 3520.561228, 15.288330, 342.000000, -23.359510, 4017.733074
[11][60] = -1159.409258, 3553.450154, 15.473022, 342.000000, -23.167337, 4048.732055
[11][61] = -1170.113420, 3586.394175, 15.185303, 342.000000, -22.977816, 4081.031009
[11][62] = -1181.220626, 3620.578642, 15.341553, 342.000000, -22.784236, 4113.429978
[11][63] = -1192.263770, 3654.565945, 15.325195, 342.000000, -22.594811, 4146.128952
[11][64] = -1203.642111, 3689.584876, 15.780884, 342.000000, -22.402734, 4178.627949
[11][65] = -1215.044052, 3724.676444, 15.857178, 342.000000, -22.213343, 4212.226929
[11][66] = -1226.973779, 3761.392369, 16.162231, 342.000000, -22.018413, 4246.825895
[11][67] = -1238.847792, 3797.936821, 16.158081, 342.000000, -21.827597, 4282.124857
[11][68] = -1250.913356, 3835.070810, 16.529297, 342.000000, -21.636900, 4317.023848
[11][69] = -1263.187079, 3872.845445, 16.699585, 342.000000, -21.446141, 4353.122820
[11][70] = -1275.760004, 3911.540928, 17.026611, 342.000000, -21.254029, 4389.721796
[11][71] = -1288.455873, 3950.614797, 17.425659, 342.000000, -21.063341, 4426.520784
[11][72] = -1301.472646, 3990.676305, 17.642700, 342.000000, -20.871197, 4464.819748
[11][73] = -1314.619670, 4031.138682, 18.010986, 342.000000, -20.680501, 4503.118729
[11][74] = -1328.012349, 4072.357112, 17.807617, 342.000000, -20.489639, 4543.817666
[11][75] = -1341.638074, 4114.292780, 17.971802, 342.000000, -20.298886, 4584.216629
[11][76] = -1355.605781, 4157.280962, 18.537842, 342.000000, -20.106847, 4624.515612
[11][77] = -1369.732562, 4200.758725, 18.831299, 342.000000, -19.916132, 4666.114582
[11][78] = -1384.121114, 4245.042134, 19.132202, 342.000000, -19.725420, 4708.513550
[11][79] = -1398.777551, 4290.150007, 19.514160, 342.000000, -19.534730, 4751.512522
[11][80] = -1413.724377, 4336.151609, 19.302124, 342.000000, -19.343879, 4797.211450
[11][81] = -1429.057983, 4383.343594, 19.658325, 342.000000, -19.151782, 4842.410410
[11][82] = -1444.122058, 4429.706050, 19.662964, 342.000000, -18.966605, 4887.909382
[11][83] = -1460.410556, 4479.836894, 19.717529, 342.000000, -18.770220, 4937.008295
[11][84] = -1476.199908, 4528.431521, 19.402710, 342.000000, -18.583561, 4985.807235
[11][85] = -1493.010894, 4580.170417, 19.993652, 342.000000, -18.388722, 5034.906189
[11][86] = -1509.558937, 4631.100054, 19.997803, 342.000000, -18.200747, 5085.105141
[11][87] = -1523.198367, 4673.077904, 22.918457, 342.000000, -18.048581, 5117.104483
[12][0] = -499.879572, 1729.262069, -5.243042, 344.000000, -41.454281, 2437.319368
[12][1] = -502.107728, 1737.032573, -0.630859, 344.000000, -41.328382, 2436.419449
[12][2] = -508.996530, 1761.056678, -0.413208, 344.000000, -40.943085, 2454.917795
[12][3] = -516.097058, 1785.819164, -0.333374, 344.000000, -40.552100, 2474.316087
[12][4] = -523.283475, 1810.881177, -0.157104, 344.000000, -40.162636, 2493.914389
[12][5] = -530.583898, 1836.340778, 0.164307, 344.000000, -39.773315, 2513.712700
[12][6] = -537.951547, 1862.034823, 0.355225, 344.000000, -39.386749, 2534.010996
[12][7] = -545.415822, 1888.065846, 0.345459, 344.000000, -39.001486, 2555.009262
[12][8] = -553.084810, 1914.810785, 0.581665, 344.000000, -38.612211, 2576.307532
[12][9] = -560.884071, 1942.010040, 0.868286, 344.000000, -38.223001, 2598.005799
[12][10] = -568.816849, 1969.674923, 1.272827, 344.000000, -37.833899, 2620.004071
[12][11] = -575.959744, 1994.585160, 0.847046, 344.000000, -37.489266, 2641.202433
[12][12] = -582.847627, 2018.606061, 1.126099, 344.000000, -37.161978, 2660.600957
[12][13] = -589.717702, 2042.564860, 1.481689, 344.000000, -36.840377, 2679.899509
[12][14] = -596.754476, 2067.105008, 1.693970, 344.000000, -36.515894, 2699.998024
[12][15] = -603.898585, 2092.019475, 1.962036, 344.000000, -36.191463, 2720.396539
[12][16] = -611.095668, 2117.118686, 1.839844, 344.000000, -35.869625, 2741.695012
[12][17] = -618.559697, 2143.148850, 2.168701, 344.000000, -35.541051, 2763.093502
[12][18] = -626.010767, 2169.133820, 2.694580, 344.000000, -35.218225, 2784.192035
[12][19] = -633.683218, 2195.890835, 3.066284, 344.000000, -34.891108, 2806.290523
[12][20] = -641.346551, 2222.616053, 3.467529, 344.000000, -34.569639, 2828.389034
[12][21] = -649.170816, 2249.902508, 3.788574, 344.000000, -34.246734, 2851.187523
[12][22] = -657.192347, 2277.876911, 4.317139, 344.000000, -33.921146, 2874.286016
[12][23] = -665.284000, 2306.095859, 4.506470, 344.000000, -33.598193, 2898.284475
[12][24] = -673.547577, 2334.914379, 4.862915, 344.000000, -33.273940, 2922.582942
[12][25] = -681.986040, 2364.342795, 5.606445, 344.000000, -32.948496, 2946.781439
[12][26] = -690.512643, 2394.078593, 5.346069, 344.000000, -32.625348, 2973.179828
[12][27] = -699.371573, 2424.973353, 5.736084, 344.000000, -32.295529, 2999.478251
[12][28] = -708.088554, 2455.373078, 5.728516, 344.000000, -31.976755, 3026.176679
[12][29] = -717.306488, 2487.519834, 6.473022, 344.000000, -31.645731, 3053.075122
[12][30] = -726.497748, 2519.573568, 7.213257, 344.000000, -31.321731, 3079.973592
[12][31] = -735.827602, 2552.110636, 7.438110, 344.000000, -30.998890, 3108.372006
[12][32] = -745.250472, 2584.972088, 7.651489, 344.000000, -30.678864, 3137.170427
[12][33] = -753.544341, 2613.896247, 7.243530, 344.000000, -30.402080, 3163.768994
[12][34] = -761.403536, 2641.304518, 7.652588, 344.000000, -30.143941, 3187.467738
[12][35] = -769.343161, 2668.993282, 7.963745, 344.000000, -29.887165, 3211.666474
[12][36] = -777.625203, 2697.876194, 8.585449, 344.000000, -29.623516, 3236.365203
[12][37] = -785.867122, 2726.619181, 8.825073, 344.000000, -29.365313, 3261.763917
[12][38] = -794.372698, 2756.281651, 9.545410, 344.000000, -29.103117, 3287.062655
[12][39] = -802.837395, 2785.801556, 9.935059, 344.000000, -28.846392, 3312.961384
[12][40] = -811.532307, 2816.124319, 10.554810, 344.000000, -28.586963, 3339.160117
[12][41] = -820.474051, 2847.307884, 10.856201, 344.000000, -28.324591, 3366.858800
[12][42] = -829.472542, 2878.689352, 11.034912, 344.000000, -28.064980, 3395.057481
[12][43] = -838.521642, 2910.247315, 11.457642, 344.000000, -27.808284, 3422.956197
[12][44] = -847.927445, 2943.049246, 11.968994, 344.000000, -27.546013, 3451.854890
[12][45] = -857.354217, 2975.924309, 11.847046, 344.000000, -27.287696, 3482.253538
[12][46] = -867.047082, 3009.727347, 12.055664, 344.000000, -27.026714, 3512.852200
[12][47] = -876.908223, 3044.117231, 12.671875, 344.000000, -26.765899, 3543.150899
[12][48] = -886.899431, 3078.960715, 12.960449, 344.000000, -26.506359, 3574.649569
[12][49] = -897.177306, 3114.803925, 13.729248, 344.000000, -26.244204, 3606.048266
[12][50] = -907.426583, 3150.547401, 14.169189, 344.000000, -25.987536, 3638.146958
[12][51] = -918.034585, 3187.541899, 14.876221, 344.000000, -25.726761, 3670.845649
[12][52] = -928.784120, 3225.029983, 15.713623, 344.000000, -25.467438, 3703.744355
[12][53] = -939.920968, 3263.868789, 16.463989, 344.000000, -25.203871, 3738.143027
[12][54] = -951.096079, 3302.841032, 17.116821, 344.000000, -24.944479, 3772.941708
[12][55] = -962.437432, 3342.393030, 17.221436, 344.000000, -24.686291, 3809.640343
[12][56] = -974.131963, 3383.176707, 17.212524, 344.000000, -24.425260, 3847.838949
[12][57] = -986.189701, 3425.227037, 17.395020, 344.000000, -24.161497, 3886.837555
[12][58] = -998.102462, 3466.771772, 17.454468, 344.000000, -23.906114, 3925.736192
[12][59] = -1010.327781, 3509.406525, 17.313721, 344.000000, -23.649265, 3966.234801
[12][60] = -1023.066160, 3553.830533, 18.076172, 344.000000, -23.387116, 4006.233456
[12][61] = -1033.634233, 3590.685783, 17.888916, 344.000000, -23.173761, 4041.532290
[12][62] = -1043.023761, 3623.430958, 18.275757, 344.000000, -22.987262, 4071.531315
[12][63] = -1052.994704, 3658.203768, 18.526855, 344.000000, -22.792299, 4103.830282
[12][64] = -1062.834962, 3692.520828, 18.740845, 344.000000, -22.602939, 4135.829274
[12][65] = -1072.157485, 3725.032327, 19.152954, 344.000000, -22.426273, 4165.628349
[12][66] = -1082.534165, 3761.220113, 19.308105, 344.000000, -22.232686, 4199.627310
[12][67] = -1092.925674, 3797.459612, 19.684204, 344.000000, -22.041977, 4233.126302
[12][68] = -1103.572522, 3834.589581, 19.792358, 344.000000, -21.849782, 4268.225264
[12][69] = -1114.163368, 3871.524252, 19.699341, 344.000000, -21.661735, 4303.724230
[12][70] = -1125.167558, 3909.900421, 19.946167, 344.000000, -21.469587, 4339.723200
[12][71] = -1136.355440, 3948.917202, 20.501343, 344.000000, -21.277534, 4375.522192
[12][72] = -1147.575554, 3988.046392, 20.743408, 344.000000, -21.088191, 4412.321173
[12][73] = -1159.078885, 4028.163273, 20.765625, 344.000000, -20.897381, 4450.720127
[12][74] = -1170.783714, 4068.982864, 20.830933, 344.000000, -20.706586, 4489.719084
[12][75] = -1182.783349, 4110.830566, 20.978516, 344.000000, -20.514414, 4529.518037
[12][76] = -1195.000772, 4153.437782, 21.082397, 344.000000, -20.322231, 4570.216986
[12][77] = -1207.258255, 4196.184704, 21.179077, 344.000000, -20.132854, 4611.115948
[12][78] = -1219.925776, 4240.361600, 21.250244, 344.000000, -19.940665, 4653.514892
[12][79] = -1232.531967, 4284.324614, 21.976929, 344.000000, -19.752871, 4693.813906
[12][80] = -1245.764749, 4330.472810, 22.343018, 344.000000, -19.559363, 4737.312860
[12][81] = -1258.860152, 4376.141904, 22.533203, 344.000000, -19.371418, 4780.911830
[12][82] = -1272.599796, 4424.057738, 22.958374, 344.000000, -19.177927, 4826.010785
[12][83] = -1286.116788, 4471.197092, 22.334717, 344.000000, -18.991168, 4873.609703
[12][84] = -1300.602042, 4521.713175, 22.795898, 344.000000, -18.794883, 4921.208642
[12][85] = -1314.545326, 4570.339187, 22.424683, 344.000000, -18.609602, 4969.607584
[12][86] = -1329.504365, 4622.507554, 22.818237, 344.000000, -18.414704, 5019.106523
[12][87] = -1344.114915, 4673.460598, 22.788818, 344.000000, -18.228114, 5068.805479
[13][0] = -446.620316, 1778.317812, -5.588989, 346.000000, -40.934995, 2463.217061
[13][1] = -452.804095, 1803.119595, -5.175659, 346.000000, -40.547139, 2482.015417
[13][2] = -459.118633, 1828.445819, -5.590210, 346.000000, -40.157315, 2502.613644
[13][3] = -465.414087, 1853.695507, -5.644165, 346.000000, -39.774829, 2522.711942
[13][4] = -471.926902, 1879.816982, -5.502319, 346.000000, -39.385489, 2543.310225
[13][5] = -478.525984, 1906.284456, -5.555420, 346.000000, -38.997458, 2564.608479
[13][6] = -485.231632, 1933.179342, -5.257812, 346.000000, -38.609700, 2585.806770
[13][7] = -492.027172, 1960.434763, -5.020996, 346.000000, -38.223336, 2607.505049
[13][8] = -498.781174, 1987.523583, -4.248047, 346.000000, -37.845780, 2628.303426
[13][9] = -504.651698, 2011.068971, -3.970215, 346.000000, -37.522731, 2647.101981
[13][10] = -510.687605, 2035.277673, -3.739258, 346.000000, -37.195455, 2666.600504
[13][11] = -516.738485, 2059.546425, -3.790649, 346.000000, -36.872238, 2686.699004
[13][12] = -522.958255, 2084.492559, -3.575439, 346.000000, -36.544991, 2706.997512
[13][13] = -529.272915, 2109.819279, -3.243042, 346.000000, -36.217832, 2727.496027
[13][14] = -535.605046, 2135.216069, -3.064453, 346.000000, -35.894812, 2748.394537
[13][15] = -541.948839, 2160.659634, -2.641235, 346.000000, -35.576166, 2768.993090
[13][16] = -548.766996, 2188.005767, -2.462158, 346.000000, -35.239130, 2791.691519
[13][17] = -555.346580, 2214.395035, -2.008545, 346.000000, -34.919123, 2813.190056
[13][18] = -562.153433, 2241.695833, -1.811523, 346.000000, -34.593365, 2835.988528
[13][19] = -569.044553, 2269.334604, -1.742310, 346.000000, -34.268956, 2859.386985
[13][20] = -576.045095, 2297.412244, -1.191162, 346.000000, -33.944826, 2882.385493
[13][21] = -583.139593, 2325.866722, -1.194824, 346.000000, -33.621811, 2906.783936
[13][22] = -590.319575, 2354.664059, -0.876221, 346.000000, -33.300387, 2930.982417
[13][23] = -597.780973, 2384.590089, -0.309204, 346.000000, -32.972084, 2955.780887
[13][24] = -605.347299, 2414.936965, -0.150635, 346.000000, -32.644982, 2981.779309
[13][25] = -612.984972, 2445.569998, -0.185059, 346.000000, -32.320604, 3008.477718
[13][26] = -620.823640, 2477.009181, 0.151978, 346.000000, -31.993620, 3035.276149
[13][27] = -628.668820, 2508.474478, 0.440552, 346.000000, -31.672237, 3062.274596
[13][28] = -636.724193, 2540.782817, 1.055298, 346.000000, -31.348215, 3089.473059
[13][29] = -645.003023, 2573.987387, 1.600830, 346.000000, -31.021358, 3117.671493
[13][30] = -652.815417, 2605.321189, 2.414307, 346.000000, -30.718500, 3143.770070
[13][31] = -659.555125, 2632.352683, 2.184814, 346.000000, -30.461485, 3168.168760
[13][32] = -666.541663, 2660.374153, 2.533936, 346.000000, -30.199131, 3192.367480
[13][33] = -673.601124, 2688.688107, 2.840820, 346.000000, -29.938168, 3216.966200
[13][34] = -680.658526, 2716.993802, 2.974121, 346.000000, -29.681342, 3241.964918
[13][35] = -687.903344, 2746.051177, 3.369263, 346.000000, -29.421832, 3267.163646
[13][36] = -695.302985, 2775.729515, 3.964355, 346.000000, -29.161010, 3292.562384
[13][37] = -702.785656, 2805.740873, 4.389038, 346.000000, -28.901519, 3318.661107
[13][38] = -710.311443, 2835.925155, 4.625977, 346.000000, -28.644759, 3345.359821
[13][39] = -718.125995, 2867.267612, 5.198120, 346.000000, -28.382531, 3372.458536
[13][40] = -726.078559, 2899.163601, 5.416992, 346.000000, -28.120157, 3400.857213
[13][41] = -733.990746, 2930.897651, 5.876709, 346.000000, -27.863502, 3428.655938
[13][42] = -742.087742, 2963.372927, 5.931152, 346.000000, -27.605279, 3458.054612
[13][43] = -750.493998, 2997.088581, 6.903320, 346.000000, -27.341822, 3486.653344
[13][44] = -758.873610, 3030.697369, 7.391846, 346.000000, -27.083782, 3516.252053
[13][45] = -767.453723, 3065.110321, 7.513672, 346.000000, -26.824195, 3547.450716
[13][46] = -776.237540, 3100.340286, 7.553345, 346.000000, -26.563178, 3579.649360
[13][47] = -785.181723, 3136.213446, 7.665161, 346.000000, -26.302195, 3612.348008
[13][48] = -794.044536, 3171.760246, 7.806885, 346.000000, -26.048246, 3644.746692
[13][49] = -803.168107, 3208.352890, 8.092163, 346.000000, -25.791549, 3677.845372
[13][50] = -812.717964, 3246.655276, 8.438843, 346.000000, -25.527862, 3712.444017
[13][51] = -822.293371, 3285.060138, 9.023071, 346.000000, -25.268476, 3746.642702
[13][52] = -832.001230, 3323.996230, 9.583252, 346.000000, -25.010484, 3781.441389
[13][53] = -841.896818, 3363.685266, 10.248047, 346.000000, -24.752531, 3816.740082
[13][54] = -852.109354, 3404.645512, 10.137207, 346.000000, -24.491496, 3855.138686
[13][55] = -862.417481, 3445.989150, 9.838501, 346.000000, -24.233208, 3894.437287
[13][56] = -873.098924, 3488.830078, 10.105713, 346.000000, -23.970915, 3933.835912
[13][57] = -883.883155, 3532.083268, 10.475220, 346.000000, -23.711466, 3973.434557
[13][58] = -894.283750, 3573.797775, 11.328979, 346.000000, -23.466213, 4010.433316
[13][59] = -902.571743, 3607.039100, 11.893188, 346.000000, -23.274179, 4040.232332
[13][60] = -910.928632, 3640.556750, 12.411377, 346.000000, -23.083532, 4070.431351
[13][61] = -919.353070, 3674.345325, 12.999023, 346.000000, -22.894311, 4100.730380
[13][62] = -928.105339, 3709.448759, 13.378540, 346.000000, -22.700812, 4132.829367
[13][63] = -936.875757, 3744.624987, 13.375122, 346.000000, -22.509995, 4166.028336
[13][64] = -945.920936, 3780.903216, 13.328735, 346.000000, -22.316362, 4200.427285
[13][65] = -954.916578, 3816.982766, 13.154663, 346.000000, -22.126900, 4235.026245
[13][66] = -964.328481, 3854.731846, 13.255737, 346.000000, -21.931916, 4270.525196
[13][67] = -973.554455, 3891.735206, 13.296021, 346.000000, -21.743930, 4305.524178
[13][68] = -983.138848, 3930.176108, 13.744263, 346.000000, -21.551863, 4340.823168
[13][69] = -992.820626, 3969.007600, 13.864136, 346.000000, -21.361099, 4377.422139
[13][70] = -1002.668142, 4008.503827, 14.011719, 346.000000, -21.170344, 4414.621109
[13][71] = -1012.677553, 4048.649385, 14.717651, 346.000000, -20.979758, 4450.920122
[13][72] = -1022.729165, 4088.964197, 14.279053, 346.000000, -20.791638, 4490.619060
[13][73] = -1033.330095, 4131.482205, 14.500610, 346.000000, -20.596701, 4530.618009
[13][74] = -1043.816770, 4173.541961, 14.374023, 346.000000, -20.407277, 4571.216961
[13][75] = -1054.806597, 4217.619751, 14.485596, 346.000000, -20.212312, 4613.115898
[13][76] = -1065.594052, 4260.885868, 14.654785, 346.000000, -20.024379, 4654.114877
[13][77] = -1076.899256, 4306.228564, 15.378540, 346.000000, -19.830991, 4695.513864
[13][78] = -1088.253968, 4351.769827, 15.834717, 346.000000, -19.640333, 4737.912845
[13][79] = -1099.818353, 4398.152042, 16.535767, 346.000000, -19.449741, 4780.411842
[13][80] = -1111.348082, 4444.395259, 16.767700, 346.000000, -19.263228, 4824.210827
[13][81] = -1123.633454, 4493.669196, 16.790283, 346.000000, -19.068244, 4871.609748
[13][82] = -1135.895144, 4542.848147, 16.509277, 346.000000, -18.877390, 4919.908671
[13][83] = -1148.488664, 4593.357997, 16.342651, 346.000000, -18.685166, 4969.207593
[13][84] = -1161.052292, 4643.747959, 16.064575, 346.000000, -18.497125, 5018.806529
[13][85] = -1174.055070, 4695.899251, 15.936279, 346.000000, -18.306321, 5069.705460
[13][86] = -1184.618252, 4738.265860, 18.572632, 346.000000, -18.154093, 5102.304786
[14][0] = -377.610898, 1764.928861, -6.640625, 348.000000, -41.375853, 2443.218838
[14][1] = -380.827044, 1780.059639, -1.721558, 348.000000, -41.136226, 2447.418462
[14][2] = -386.123171, 1804.975957, -1.744995, 348.000000, -40.746567, 2466.716753
[14][3] = -391.501514, 1830.279069, -1.629517, 348.000000, -40.357056, 2486.215053
[14][4] = -396.967111, 1855.992685, -1.621582, 348.000000, -39.967509, 2506.313328
[14][5] = -402.478594, 1881.922174, -1.369019, 348.000000, -39.580989, 2526.311640
[14][6] = -408.125121, 1908.486993, -1.489258, 348.000000, -39.191434, 2547.509878
[14][7] = -413.800601, 1935.188029, -1.341309, 348.000000, -38.806321, 2568.508162
[14][8] = -419.592185, 1962.435289, -1.163574, 348.000000, -38.419856, 2590.006434
[14][9] = -425.544240, 1990.437505, -0.666016, 348.000000, -38.029416, 2611.704719
[14][10] = -431.537265, 2018.632471, -0.436157, 348.000000, -37.643044, 2634.102978
[14][11] = -436.992325, 2044.296509, -0.720337, 348.000000, -37.297131, 2655.401350
[14][12] = -442.209258, 2068.840250, -0.290527, 348.000000, -36.971369, 2674.699897
[14][13] = -447.459301, 2093.539761, 0.140503, 348.000000, -36.648433, 2694.198450
[14][14] = -452.835047, 2118.830656, 0.666504, 348.000000, -36.322759, 2714.096995
[14][15] = -458.247970, 2144.296457, 1.085205, 348.000000, -35.999843, 2734.395533
[14][16] = -463.748161, 2170.172822, 1.221191, 348.000000, -35.676774, 2755.594029
[14][17] = -469.407387, 2196.797385, 1.476074, 348.000000, -35.349577, 2777.292513
[14][18] = -475.057777, 2223.380380, 1.815796, 348.000000, -35.028064, 2798.891027
[14][19] = -480.800620, 2250.398336, 2.008789, 348.000000, -34.706481, 2821.189517
[14][20] = -486.762393, 2278.446268, 2.512207, 348.000000, -34.378063, 2843.888004
[14][21] = -492.698714, 2306.374463, 2.554077, 348.000000, -34.056425, 2867.386463
[14][22] = -498.810534, 2335.128319, 2.922729, 348.000000, -33.730768, 2891.084935
[14][23] = -505.025968, 2364.369634, 3.399170, 348.000000, -33.405180, 2915.083412
[14][24] = -511.296485, 2393.870097, 3.656860, 348.000000, -33.082295, 2939.781871
[14][25] = -517.703975, 2424.014970, 3.934326, 348.000000, -32.758029, 2965.080319
[14][26] = -524.252570, 2454.823684, 4.295288, 348.000000, -32.432413, 2990.878764
[14][27] = -530.917721, 2486.180756, 4.792236, 348.000000, -32.106877, 3016.977217
[14][28] = -537.679530, 2517.992564, 4.853760, 348.000000, -31.782536, 3044.375622
[14][29] = -544.532533, 2550.233409, 5.211060, 348.000000, -31.459759, 3071.674061
[14][30] = -551.540514, 2583.203370, 5.836548, 348.000000, -31.135717, 3099.172517
[14][31] = -558.747681, 2617.110423, 6.049683, 348.000000, -30.808676, 3128.370907
[14][32] = -565.996942, 2651.215513, 6.397583, 348.000000, -30.485921, 3157.569326
[14][33] = -572.357014, 2681.137302, 5.992676, 348.000000, -30.207751, 3184.667885
[14][34] = -578.292516, 2709.061641, 6.049072, 348.000000, -29.952270, 3209.166604
[14][35] = -584.418155, 2737.880507, 6.329468, 348.000000, -29.692686, 3234.065321
[14][36] = -590.709396, 2767.478470, 6.633057, 348.000000, -29.430310, 3259.664023
[14][37] = -596.966007, 2796.913511, 6.894165, 348.000000, -29.173535, 3285.262744
[14][38] = -603.392938, 2827.149846, 7.237549, 348.000000, -28.913994, 3311.461457
[14][39] = -609.958320, 2858.037538, 7.886353, 348.000000, -28.653185, 3337.660189
[14][40] = -616.706368, 2889.784610, 8.541870, 348.000000, -28.389574, 3364.658904
[14][41] = -623.354262, 2921.060488, 8.737427, 348.000000, -28.134191, 3392.257611
[14][42] = -630.187446, 2953.208092, 9.046631, 348.000000, -27.876053, 3420.456312
[14][43] = -637.249041, 2986.430286, 9.645264, 348.000000, -27.613828, 3449.055016
[14][44] = -644.358425, 3019.877309, 10.175781, 348.000000, -27.354385, 3478.053723
[14][45] = -651.634054, 3054.106453, 10.595703, 348.000000, -27.093494, 3508.052408
[14][46] = -658.953974, 3088.543968, 11.531982, 348.000000, -26.835620, 3537.151155
[14][47] = -666.493036, 3124.012465, 11.962402, 348.000000, -26.574738, 3568.349833
[14][48] = -674.129006, 3159.936879, 12.379395, 348.000000, -26.315256, 3600.048514
[14][49] = -681.911751, 3196.551815, 12.306519, 348.000000, -26.055587, 3633.547144
[14][50] = -689.920558, 3234.230289, 12.733154, 348.000000, -25.793310, 3666.945804
[14][51] = -697.998089, 3272.232087, 12.837769, 348.000000, -25.533720, 3701.444445
[14][52] = -706.271943, 3311.157509, 13.205566, 348.000000, -25.272830, 3736.243100
[14][53] = -714.615438, 3350.410565, 13.556885, 348.000000, -25.014744, 3771.441764
[14][54] = -723.166892, 3390.641992, 14.016846, 348.000000, -24.755296, 3807.340427
[14][55] = -731.980215, 3432.105419, 14.721680, 348.000000, -24.493131, 3843.839094
[14][56] = -741.067941, 3474.859810, 15.565063, 348.000000, -24.228209, 3881.237754
[14][57] = -750.059072, 3517.159754, 15.400391, 348.000000, -23.971352, 3920.736366
[14][58] = -759.281271, 3560.546791, 15.434326, 348.000000, -23.713167, 3960.834985
[14][59] = -768.890951, 3605.756780, 16.291992, 348.000000, -23.449655, 4000.633642
[14][60] = -776.458943, 3641.361381, 15.692871, 348.000000, -23.245989, 4035.232496
[14][61] = -783.978409, 3676.737689, 16.214233, 348.000000, -23.046912, 4066.831467
[14][62] = -791.187561, 3710.654080, 16.722412, 348.000000, -22.859057, 4097.130495
[14][63] = -798.729367, 3746.135490, 17.301147, 348.000000, -22.665611, 4128.729496
[14][64] = -806.280272, 3781.659702, 18.018555, 348.000000, -22.475016, 4160.028522
[14][65] = -814.012041, 3818.034817, 18.626221, 348.000000, -22.282981, 4192.427528
[14][66] = -821.764898, 3854.509141, 18.524292, 348.000000, -22.093525, 4226.826490
[14][67] = -829.771174, 3892.175709, 17.776367, 348.000000, -21.901063, 4264.125384
[14][68] = -837.843501, 3930.153020, 17.684082, 348.000000, -21.710216, 4300.024337
[14][69] = -846.169823, 3969.325288, 17.875977, 348.000000, -21.516654, 4336.323296
[14][70] = -854.458312, 4008.319560, 17.766968, 348.000000, -21.327210, 4373.322253
[14][71] = -863.007797, 4048.541728, 18.130127, 348.000000, -21.135106, 4410.221230
[14][72] = -871.517780, 4088.578048, 18.263184, 348.000000, -20.947143, 4447.620211
[14][73] = -880.365786, 4130.204644, 18.730591, 348.000000, -20.755071, 4485.619192
[14][74] = -889.311874, 4172.292677, 18.728271, 348.000000, -20.564264, 4525.418144
[14][75] = -898.484398, 4215.446013, 18.815918, 348.000000, -20.372083, 4566.017094
[14][76] = -907.752477, 4259.048896, 19.100952, 348.000000, -20.181363, 4606.516064
[14][77] = -917.187127, 4303.435436, 19.584229, 348.000000, -19.990700, 4647.215048
[14][78] = -926.796935, 4348.646026, 20.002075, 348.000000, -19.800018, 4688.914025
[14][79] = -936.658514, 4395.041106, 20.438354, 348.000000, -19.607938, 4731.712993
[14][80] = -946.561655, 4441.631723, 20.713257, 348.000000, -19.418619, 4775.211964
[14][81] = -956.809501, 4489.844049, 20.553589, 348.000000, -19.226377, 4821.610886
[14][82] = -967.103444, 4538.273241, 20.318604, 348.000000, -19.036923, 4868.509818
[14][83] = -977.746909, 4588.346806, 20.515381, 348.000000, -18.844782, 4915.708764
[14][84] = -988.369389, 4638.321648, 20.184082, 348.000000, -18.656713, 4964.507695
[14][85] = -999.517365, 4690.768748, 20.466919, 348.000000, -18.463195, 5013.806636
[14][86] = -1010.571406, 4742.773924, 20.001953, 348.000000, -18.275097, 5065.105556
[14][87] = -1022.179461, 4797.385529, 20.028809, 348.000000, -18.081517, 5117.404477
[15][0] = -319.627651, 1803.041047, -7.151978, 350.000000, -40.968995, 2463.916999
[15][1] = -324.097048, 1828.388259, -7.295166, 350.000000, -40.577937, 2483.715270
[15][2] = -328.620923, 1854.044429, -7.400635, 350.000000, -40.188360, 2503.813541
[15][3] = -333.199573, 1880.011244, -7.339844, 350.000000, -39.800350, 2524.011832
[15][4] = -337.869171, 1906.493849, -7.203369, 350.000000, -39.411025, 2544.610117
[15][5] = -342.600037, 1933.323923, -7.201050, 350.000000, -39.023050, 2565.808381
[15][6] = -347.426452, 1960.695884, -7.044189, 350.000000, -38.633810, 2587.306650
[15][7] = -352.296815, 1988.317085, -6.569946, 350.000000, -38.247620, 2608.604962
[15][8] = -357.067317, 2015.371945, -5.882080, 350.000000, -37.875644, 2629.203357
[15][9] = -361.311858, 2039.443938, -5.571899, 350.000000, -37.549819, 2648.101905
[15][10] = -365.564730, 2063.563168, -5.433838, 350.000000, -37.228118, 2667.400444
[15][11] = -369.957511, 2088.475869, -5.400391, 350.000000, -36.900751, 2687.598938
[15][12] = -374.359369, 2113.440045, -5.350586, 350.000000, -36.577631, 2707.897446
[15][13] = -378.863774, 2138.985794, -4.850342, 350.000000, -36.251991, 2727.995992
[15][14] = -383.360603, 2164.488584, -4.562500, 350.000000, -35.931857, 2748.494530
[15][15] = -388.047946, 2191.071822, -4.232910, 350.000000, -35.603333, 2769.893027
[15][16] = -392.768548, 2217.843691, -3.766235, 350.000000, -35.277712, 2791.291547
[15][17] = -397.525892, 2244.823925, -3.557861, 350.000000, -34.954765, 2813.390042
[15][18] = -402.340338, 2272.128009, -3.489502, 350.000000, -34.633159, 2836.088521
[15][19] = -407.292621, 2300.213798, -2.776855, 350.000000, -34.307712, 2858.387050
[15][20] = -412.311300, 2328.676146, -2.686279, 350.000000, -33.983337, 2882.185506
[15][21] = -417.389756, 2357.477498, -2.276733, 350.000000, -33.660553, 2905.783999
[15][22] = -422.558850, 2386.792886, -2.353882, 350.000000, -33.337523, 2930.782430
[15][23] = -427.835827, 2416.720110, -1.932007, 350.000000, -33.013365, 2955.480905
[15][24] = -433.229982, 2447.311887, -1.646240, 350.000000, -32.687744, 2981.079352
[15][25] = -438.720556, 2478.450474, -1.384521, 350.000000, -32.362121, 3007.277789
[15][26] = -444.283060, 2509.997006, -0.784546, 350.000000, -32.038082, 3033.276265
[15][27] = -449.924156, 2541.989249, -0.415649, 350.000000, -31.715340, 3060.174716
[15][28] = -455.642905, 2574.421888, 0.038818, 350.000000, -31.394053, 3087.373176
[15][29] = -461.547837, 2607.910421, 0.130859, 350.000000, -31.068388, 3116.271570
[15][30] = -467.219632, 2640.076767, 0.806641, 350.000000, -30.761261, 3142.970113
[15][31] = -472.068094, 2667.573762, 0.966064, 350.000000, -30.503031, 3166.668840
[15][32] = -477.044703, 2695.797513, 1.173950, 350.000000, -30.242022, 3190.967554
[15][33] = -482.070819, 2724.302033, 1.534302, 350.000000, -29.982492, 3215.266288
[15][34] = -487.123452, 2752.956943, 1.590332, 350.000000, -29.725637, 3240.365000
[15][35] = -492.339060, 2782.536122, 1.832642, 350.000000, -29.464661, 3265.963706
[15][36] = -497.639410, 2812.595900, 2.067017, 350.000000, -29.203687, 3292.062408
[15][37] = -502.996454, 2842.977211, 2.420166, 350.000000, -28.944174, 3318.261126
[15][38] = -508.415396, 2873.709556, 2.421387, 350.000000, -28.685917, 3345.559811
[15][39] = -513.978505, 2905.259516, 3.087158, 350.000000, -28.425143, 3372.258546
[15][40] = -519.608355, 2937.187978, 3.414673, 350.000000, -28.165631, 3400.057250
[15][41] = -525.274996, 2969.325097, 3.388184, 350.000000, -27.908782, 3428.855929
[15][42] = -531.129097, 3002.525353, 3.836426, 350.000000, -27.647926, 3457.654630
[15][43] = -537.119623, 3036.499316, 4.123291, 350.000000, -27.385603, 3487.553304
[15][44] = -543.118998, 3070.523466, 4.321899, 350.000000, -27.127459, 3517.751988
[15][45] = -549.255367, 3105.324541, 4.820557, 350.000000, -26.868035, 3548.050690
[15][46] = -555.470583, 3140.572784, 5.076050, 350.000000, -26.609922, 3579.349372
[15][47] = -561.931335, 3177.213526, 5.963501, 350.000000, -26.346443, 3610.548082
[15][48] = -568.379889, 3213.785097, 6.004517, 350.000000, -26.088253, 3643.646736
[15][49] = -575.016188, 3251.421415, 6.455200, 350.000000, -25.827416, 3676.845411
[15][50] = -581.742489, 3289.568163, 6.828735, 350.000000, -25.567956, 3710.744083
[15][51] = -588.560541, 3328.235262, 7.131226, 350.000000, -25.309875, 3745.342752
[15][52] = -595.586196, 3368.079731, 7.408203, 350.000000, -25.048982, 3781.141400
[15][53] = -602.825839, 3409.137787, 7.885132, 350.000000, -24.785358, 3817.640049
[15][54] = -610.092092, 3450.346754, 8.360352, 350.000000, -24.525944, 3854.338715
[15][55] = -617.507560, 3492.401963, 8.479614, 350.000000, -24.266406, 3892.737347
[15][56] = -625.029098, 3535.058724, 8.895020, 350.000000, -24.008379, 3931.036008
[15][57] = -632.824968, 3579.271299, 9.872070, 350.000000, -23.746337, 3969.434693
[15][58] = -640.178885, 3620.977436, 11.173584, 350.000000, -23.504044, 4004.733505
[15][59] = -646.066193, 3654.366016, 11.726807, 350.000000, -23.313410, 4034.232529
[15][60] = -652.087720, 3688.515797, 12.448242, 350.000000, -23.121428, 4064.031557
[15][61] = -658.122749, 3722.742142, 12.385376, 350.000000, -22.931992, 4095.930533
[15][62] = -664.386543, 3758.265887, 12.651855, 350.000000, -22.738457, 4128.229512
[15][63] = -670.611599, 3793.569933, 13.007080, 350.000000, -22.549161, 4160.128518
[15][64] = -677.042422, 3830.040941, 12.303589, 350.000000, -22.356722, 4195.927422
[15][65] = -683.521320, 3866.784600, 12.479492, 350.000000, -22.165970, 4229.726404
[15][66] = -690.151125, 3904.384090, 13.081299, 350.000000, -21.973951, 4263.225410
[15][67] = -696.842176, 3942.330927, 13.700073, 350.000000, -21.783339, 4297.024424
[15][68] = -703.757560, 3981.550019, 13.328979, 350.000000, -21.589615, 4334.723342
[15][69] = -710.639899, 4020.581704, 12.771729, 350.000000, -21.400049, 4372.822267
[15][70] = -717.789899, 4061.131366, 12.756470, 350.000000, -21.206443, 4410.921211
[15][71] = -724.907219, 4101.495698, 12.625244, 350.000000, -21.017014, 4449.220168
[15][72] = -732.250674, 4143.142500, 12.978027, 350.000000, -20.824924, 4487.419145
[15][73] = -739.669910, 4185.219079, 13.308716, 350.000000, -20.634232, 4526.118126
[15][74] = -747.223655, 4228.058494, 13.447998, 350.000000, -20.443484, 4566.117091
[15][75] = -754.913595, 4271.670308, 13.578003, 350.000000, -20.252736, 4606.916054
[15][76] = -762.745491, 4316.087200, 13.537842, 350.000000, -20.061940, 4649.015003
[15][77] = -770.777306, 4361.637886, 13.778687, 350.000000, -19.869823, 4691.413964
[15][78] = -778.842062, 4407.375390, 13.755371, 350.000000, -19.680440, 4734.812919
[15][79] = -787.177200, 4454.646308, 13.968262, 350.000000, -19.488317, 4779.011875
[15][80] = -795.553078, 4502.148270, 13.638916, 350.000000, -19.298855, 4825.110806
[15][81] = -804.339807, 4551.980287, 13.632935, 350.000000, -19.103872, 4872.509728
[15][82] = -812.978348, 4600.971887, 13.385376, 350.000000, -18.915842, 4919.908671
[15][83] = -821.848450, 4651.276736, 13.272705, 350.000000, -18.726447, 4968.207614
[15][84] = -830.892318, 4702.567058, 13.223511, 350.000000, -18.537071, 5017.306561
[15][85] = -840.323749, 4756.055364, 13.129761, 350.000000, -18.343478, 5068.705481
[15][86] = -849.744981, 4809.485825, 12.477661, 350.000000, -18.153956, 5121.904385
[15][87] = -857.371219, 4852.736370, 15.761841, 350.000000, -18.003292, 5152.703761
[16][0] = -251.921973, 1785.748717, -7.299561, 352.000000, -41.396452, 2443.218838
[16][1] = -253.126248, 1794.317581, -2.796997, 352.000000, -41.262017, 2442.918865
[16][2] = -256.639365, 1819.314708, -2.622925, 352.000000, -40.873911, 2461.717193
[16][3] = -260.197345, 1844.631053, -2.868774, 352.000000, -40.486946, 2481.515460
[16][4] = -263.861506, 1870.702907, -2.662720, 352.000000, -40.094731, 2501.313755
[16][5] = -267.518212, 1896.721723, -2.476685, 352.000000, -39.709571, 2521.212068
[16][6] = -271.331385, 1923.853862, -2.494263, 352.000000, -39.314463, 2542.410299
[16][7] = -275.109731, 1950.738191, -2.245117, 352.000000, -38.929420, 2563.108601
[16][8] = -279.022458, 1978.578691, -2.080933, 352.000000, -38.537322, 2584.806850
[16][9] = -282.973333, 2006.690625, -1.836304, 352.000000, -38.148122, 2606.705112
[16][10] = -286.976903, 2035.177508, -1.401245, 352.000000, -37.760481, 2628.703395
[16][11] = -290.565140, 2060.709138, -1.796509, 352.000000, -37.418714, 2649.801776
[16][12] = -294.038288, 2085.421874, -1.442505, 352.000000, -37.092907, 2669.100317
[16][13] = -297.549795, 2110.407542, -1.269775, 352.000000, -36.768409, 2688.998834
[16][14] = -301.098002, 2135.654348, -0.923218, 352.000000, -36.445442, 2708.897373
[16][15] = -304.717259, 2161.406696, -0.701172, 352.000000, -36.121009, 2729.495884
[16][16] = -308.390572, 2187.543677, -0.130737, 352.000000, -35.796800, 2749.894431
[16][17] = -312.108964, 2214.001415, -0.062378, 352.000000, -35.473714, 2771.492915
[16][18] = -315.917183, 2241.098295, 0.358887, 352.000000, -35.148039, 2793.091423
[16][19] = -319.770252, 2268.514305, 0.803833, 352.000000, -34.823795, 2814.989934
[16][20] = -323.703677, 2296.502085, 1.221191, 352.000000, -34.498143, 2837.488428
[16][21] = -327.650927, 2324.588223, 1.560059, 352.000000, -34.176673, 2860.286926
[16][22] = -331.731948, 2353.626197, 2.275513, 352.000000, -33.849802, 2883.285435
[16][23] = -335.833524, 2382.810425, 2.324463, 352.000000, -33.526793, 2907.683879
[16][24] = -340.003772, 2412.483286, 2.593628, 352.000000, -33.203917, 2932.182343
[16][25] = -344.266999, 2442.817720, 2.560181, 352.000000, -32.879491, 2957.880758
[16][26] = -348.618956, 2473.783502, 3.296875, 352.000000, -32.554074, 2982.779249
[16][27] = -353.013995, 2505.055832, 3.516968, 352.000000, -32.231208, 3008.977689
[16][28] = -357.486446, 2536.878971, 3.979126, 352.000000, -31.908475, 3035.276149
[16][29] = -362.059357, 2569.416925, 4.594116, 352.000000, -31.584422, 3061.974613
[16][30] = -366.781187, 2603.014493, 4.786987, 352.000000, -31.255958, 3090.473003
[16][31] = -371.527529, 2636.786473, 5.413452, 352.000000, -30.931926, 3118.371455
[16][32] = -376.385169, 2671.350374, 6.070679, 352.000000, -30.606509, 3146.969897
[16][33] = -380.546962, 2700.963074, 5.756714, 352.000000, -30.332590, 3173.268488
[16][34] = -384.469818, 2728.875642, 5.643677, 352.000000, -30.078432, 3197.767198
[16][35] = -388.605162, 2758.300142, 5.970459, 352.000000, -29.814656, 3222.765901
[16][36] = -392.783701, 2788.031993, 6.458008, 352.000000, -29.552362, 3247.764624
[16][37] = -396.942047, 2817.620166, 6.468628, 352.000000, -29.295473, 3273.663321
[16][38] = -401.211479, 2847.998747, 6.799316, 352.000000, -29.035926, 3299.662034
[16][39] = -405.598100, 2879.211176, 7.173462, 352.000000, -28.773594, 3326.360734
[16][40] = -410.011604, 2910.614893, 7.368530, 352.000000, -28.513997, 3353.659425
[16][41] = -414.426653, 2942.029600, 7.455078, 352.000000, -28.258570, 3381.258124
[16][42] = -419.037734, 2974.839146, 7.823486, 352.000000, -27.996250, 3409.556811
[16][43] = -423.727961, 3008.211847, 8.312012, 352.000000, -27.733984, 3438.155507
[16][44] = -428.426693, 3041.645058, 8.342041, 352.000000, -27.475743, 3467.854175
[16][45] = -433.203771, 3075.635733, 8.859741, 352.000000, -27.217706, 3497.052888
[16][46] = -438.171373, 3110.982062, 9.451538, 352.000000, -26.954086, 3527.351574
[16][47] = -443.095970, 3146.022386, 9.762573, 352.000000, -26.697374, 3558.050267
[16][48] = -447.719634, 3178.921465, 10.400635, 352.000000, -26.460442, 3586.149089
[16][49] = -452.843522, 3215.379827, 10.879639, 352.000000, -26.202397, 3617.847783
[16][50] = -458.090526, 3252.714195, 11.377075, 352.000000, -25.942957, 3650.346467
[16][51] = -463.494594, 3291.166141, 11.858154, 352.000000, -25.680706, 3683.945131
[16][52] = -468.916397, 3329.744275, 11.939453, 352.000000, -25.422518, 3718.643777
[16][53] = -474.497111, 3369.453114, 12.699463, 352.000000, -25.161779, 3752.842467
[16][54] = -480.220443, 3410.176739, 13.149414, 352.000000, -24.899522, 3788.741117
[16][55] = -486.059729, 3451.725421, 13.352539, 352.000000, -24.637179, 3826.039741
[16][56] = -491.891606, 3493.221380, 13.110352, 352.000000, -24.380295, 3864.438352
[16][57] = -497.934095, 3536.215922, 13.381958, 352.000000, -24.119389, 3903.036984
[16][58] = -504.099457, 3580.084751, 13.801880, 352.000000, -23.858538, 3942.135626
[16][59] = -510.393366, 3624.868245, 14.180908, 352.000000, -23.597675, 3982.234260
[16][60] = -516.678429, 3669.588788, 14.759521, 352.000000, -23.342493, 4021.832938
[16][61] = -522.035342, 3707.705208, 14.345337, 352.000000, -23.129075, 4057.931755
[16][62] = -526.828380, 3741.809441, 14.856567, 352.000000, -22.941226, 4088.030785
[16][63] = -531.769898, 3776.970169, 15.328247, 352.000000, -22.750557, 4119.229795
[16][64] = -536.827754, 3812.958686, 15.796143, 352.000000, -22.558483, 4151.228794
[16][65] = -541.968662, 3849.538149, 16.177368, 352.000000, -22.366381, 4184.027784
[16][66] = -547.155444, 3886.444019, 16.570923, 352.000000, -22.175687, 4217.126781
[16][67] = -552.434728, 3924.008078, 16.155396, 352.000000, -21.984738, 4253.025711
[16][68] = -557.833145, 3962.419807, 16.687256, 352.000000, -21.792686, 4287.224708
[16][69] = -563.445087, 4002.350849, 17.121460, 352.000000, -21.596395, 4323.123673
[16][70] = -568.870248, 4040.952876, 17.188232, 352.000000, -21.409812, 4358.822660
[16][71] = -574.471483, 4080.807737, 17.077393, 352.000000, -21.220372, 4396.221616
[16][72] = -580.337449, 4122.546250, 17.149414, 352.000000, -21.025378, 4434.920555
[16][73] = -586.225402, 4164.441217, 16.792114, 352.000000, -20.833064, 4475.019475
[16][74] = -592.167959, 4206.724705, 17.079956, 352.000000, -20.642348, 4513.718450
[16][75] = -598.302945, 4250.377396, 17.723145, 352.000000, -20.448929, 4552.717436
[16][76] = -604.418787, 4293.893876, 17.739380, 352.000000, -20.259537, 4593.416395
[16][77] = -610.689741, 4338.514029, 17.956177, 352.000000, -20.068802, 4634.615361
[16][78] = -617.123954, 4384.295834, 18.114990, 352.000000, -19.876649, 4677.114312
[16][79] = -623.584531, 4430.265232, 18.010742, 352.000000, -19.687229, 4720.613259
[16][80] = -630.219138, 4477.472913, 17.446655, 352.000000, -19.496284, 4766.712164
[16][81] = -636.975147, 4525.544412, 17.344849, 352.000000, -19.305469, 4812.311101
[16][82] = -643.860970, 4574.539589, 17.219971, 352.000000, -19.114652, 4858.910035
[16][83] = -650.929264, 4624.833114, 17.415527, 352.000000, -18.922519, 4905.808983
[16][84] = -658.031932, 4675.371223, 17.505981, 352.000000, -18.733165, 4953.307938
[16][85] = -665.323361, 4727.252439, 18.111572, 352.000000, -18.542544, 5000.506919
[16][86] = -672.818801, 4780.585262, 18.462891, 352.000000, -18.350453, 5049.905873
[16][87] = -680.364732, 4834.277353, 17.808594, 352.000000, -18.160913, 5102.904774
[17][0] = -191.204501, 1817.218040, -7.485718, 354.000000, -41.027815, 2461.517211
[17][1] = -193.887412, 1842.744233, -7.412598, 354.000000, -40.636913, 2480.915512
[17][2] = -196.583034, 1868.391363, -7.271484, 354.000000, -40.250320, 2500.413832
[17][3] = -199.342810, 1894.648878, -7.334229, 354.000000, -39.860809, 2520.812101
[17][4] = -202.128116, 1921.149287, -7.584229, 354.000000, -39.474022, 2541.810349
[17][5] = -204.956781, 1948.062245, -7.365112, 354.000000, -39.087599, 2562.508650
[17][6] = -207.822077, 1975.323707, -7.156494, 354.000000, -38.702606, 2583.606946
[17][7] = -210.747382, 2003.156129, -7.157471, 354.000000, -38.316100, 2605.605198
[17][8] = -213.664083, 2030.906689, -6.327759, 354.000000, -37.937191, 2626.303581
[17][9] = -216.178569, 2054.830424, -5.967773, 354.000000, -37.615613, 2644.802157
[17][10] = -218.753400, 2079.328302, -5.828979, 354.000000, -37.291102, 2664.200685
[17][11] = -221.379050, 2104.309696, -5.888428, 354.000000, -36.965082, 2684.399175
[17][12] = -224.041317, 2129.639468, -5.309692, 354.000000, -36.639475, 2703.897738
[17][13] = -226.734780, 2155.266063, -5.138306, 354.000000, -36.315039, 2724.396251
[17][14] = -217.986466, 2072.031410, -58.624023, 354.000000, -37.387259, 2745.294756
[17][15] = -232.295809, 2208.175722, -4.678589, 354.000000, -35.660668, 2766.793243
[17][16] = -235.117865, 2235.025789, -4.363159, 354.000000, -35.336365, 2788.291753
[17][17] = -237.946701, 2261.940359, -3.856934, 354.000000, -35.016398, 2809.590299
[17][18] = -240.873109, 2289.783272, -3.611572, 354.000000, -34.690677, 2832.188781
[17][19] = -243.846827, 2318.076316, -3.164673, 354.000000, -34.365081, 2854.887280
[17][20] = -246.831228, 2346.470992, -2.794678, 354.000000, -34.043667, 2877.885783
[17][21] = -249.919532, 2375.854242, -2.532227, 354.000000, -33.716590, 2901.984240
[17][22] = -253.008040, 2405.239432, -2.552368, 354.000000, -33.394993, 2926.682685
[17][23] = -242.506247, 2305.321544, -64.236084, 354.000000, -34.511197, 2952.081113
[17][24] = -259.413687, 2466.185089, -2.206543, 354.000000, -32.745026, 2977.479568
[17][25] = -262.678723, 2497.249838, -1.746948, 354.000000, -32.422313, 3002.978044
[17][26] = -266.032119, 2529.155269, -1.449097, 354.000000, -32.096720, 3029.576480
[17][27] = -269.401824, 2561.215869, -1.089111, 354.000000, -31.775380, 3056.274939
[17][28] = -272.862650, 2594.143426, -0.610962, 354.000000, -31.451299, 3083.573390
[17][29] = -276.373965, 2627.551362, -0.394409, 354.000000, -31.128504, 3111.871813
[17][30] = -279.728564, 2659.468233, 0.386353, 354.000000, -30.825640, 3137.870389
[17][31] = -282.665391, 2687.410274, 1.024658, 354.000000, -30.564826, 3160.769155
[17][32] = -285.619274, 2715.514600, 0.949341, 354.000000, -30.306491, 3185.267854
[17][33] = -288.632572, 2744.184209, 1.403687, 354.000000, -30.047004, 3209.266598
[17][34] = -291.695620, 2773.327168, 1.442383, 354.000000, -29.787333, 3234.565295
[17][35] = -294.806765, 2802.927733, 1.611328, 354.000000, -29.527727, 3260.064002
[17][36] = -297.967290, 2832.998120, 1.913086, 354.000000, -29.268186, 3285.762720
[17][37] = -301.180591, 2863.570642, 1.971313, 354.000000, -29.008544, 3312.461408
[17][38] = -304.461582, 2894.787180, 2.573853, 354.000000, -28.747739, 3338.660141
[17][39] = -307.763556, 2926.203367, 2.758545, 354.000000, -28.489565, 3365.958843
[17][40] = -311.139715, 2958.325378, 2.841431, 354.000000, -28.229950, 3394.157523
[17][41] = -314.554311, 2990.813087, 2.966309, 354.000000, -27.971763, 3422.656211
[17][42] = -318.084044, 3024.396246, 3.155029, 354.000000, -27.709397, 3452.054881
[17][43] = -321.635866, 3058.189578, 3.551758, 354.000000, -27.449927, 3481.253582
[17][44] = -325.251925, 3092.594081, 3.628906, 354.000000, -27.190333, 3511.752248
[17][45] = -328.929194, 3127.580962, 4.244385, 354.000000, -26.930958, 3541.650962
[17][46] = -332.654312, 3163.023093, 4.480713, 354.000000, -26.672838, 3572.849644
[17][47] = -336.506782, 3199.676895, 5.139404, 354.000000, -26.410676, 3604.248341
[17][48] = -340.368761, 3236.421173, 5.546265, 354.000000, -26.152628, 3636.347031
[17][49] = -344.346285, 3274.264782, 5.798584, 354.000000, -25.891717, 3669.845689
[17][50] = -348.399307, 3312.826714, 6.013306, 354.000000, -25.630796, 3704.144340
[17][51] = -352.507166, 3351.910379, 6.286987, 354.000000, -25.371304, 3738.843000
[17][52] = -356.716450, 3391.959037, 6.661987, 354.000000, -25.110450, 3774.241659
[17][53] = -361.005880, 3432.770246, 7.437256, 354.000000, -24.849742, 3809.440350
[17][54] = -365.383949, 3474.424790, 7.633423, 354.000000, -24.588827, 3846.838985
[17][55] = -369.804119, 3516.479894, 7.390625, 354.000000, -24.330567, 3885.737594
[17][56] = -374.410646, 3560.308073, 7.396240, 354.000000, -24.066790, 3925.736192
[17][57] = -378.985199, 3603.832038, 7.645142, 354.000000, -23.810116, 3964.934846
[17][58] = -383.415892, 3645.987263, 8.817749, 354.000000, -23.566385, 4000.633642
[17][59] = -386.967812, 3679.781526, 9.412598, 354.000000, -23.374368, 4030.132664
[17][60] = -390.524946, 3713.625391, 9.561401, 354.000000, -23.185009, 4060.831661
[17][61] = -394.163237, 3748.241420, 9.885376, 354.000000, -22.994305, 4091.830664
[17][62] = -397.888920, 3783.688924, 9.820679, 354.000000, -22.802073, 4124.629625
[17][63] = -401.646082, 3819.435933, 9.842407, 354.000000, -22.611275, 4157.528599
[17][64] = -405.490795, 3856.015936, 10.060181, 354.000000, -22.419139, 4190.727580
[17][65] = -409.342924, 3892.666497, 9.976196, 354.000000, -22.229715, 4224.826550
[17][66] = -413.344871, 3930.742473, 9.993408, 354.000000, -22.036117, 4260.025505
[17][67] = -417.324580, 3968.606883, 10.066650, 354.000000, -21.846747, 4294.924485
[17][68] = -421.460068, 4007.953421, 10.294678, 354.000000, -21.653218, 4330.823453
[17][69] = -425.575810, 4047.112084, 10.289551, 354.000000, -21.463829, 4367.222424
[17][70] = -429.822115, 4087.512983, 10.539795, 354.000000, -21.271712, 4404.121398
[17][71] = -434.077060, 4127.996075, 11.010986, 354.000000, -21.082468, 4440.520403
[17][72] = -438.503282, 4170.108769, 11.391357, 354.000000, -20.888989, 4478.719376
[17][73] = -442.945117, 4212.370002, 11.407593, 354.000000, -20.698208, 4518.118335
[17][74] = -447.499307, 4255.700228, 11.440674, 354.000000, -20.506033, 4558.517286
[17][75] = -452.104603, 4299.516693, 11.058350, 354.000000, -20.315143, 4600.616213
[17][76] = -456.826960, 4344.446922, 10.853149, 354.000000, -20.122906, 4643.315144
[17][77] = -461.604091, 4389.898288, 10.222290, 354.000000, -19.931956, 4687.814051
[17][78] = -466.467632, 4436.171789, 9.881226, 354.000000, -19.741092, 4732.312979
[17][79] = -471.421533, 4483.305004, 9.633911, 354.000000, -19.550258, 4777.411912
[17][80] = -476.581726, 4532.400962, 9.359131, 354.000000, -19.355213, 4824.510820
[17][81] = -481.765030, 4581.716803, 9.274170, 354.000000, -19.163026, 4871.309755
[17][82] = -486.930131, 4630.859458, 9.512695, 354.000000, -18.975136, 4917.008735
[17][83] = -492.313738, 4682.081055, 9.752930, 354.000000, -18.783039, 4964.707690
[17][84] = -497.722685, 4733.543749, 10.110596, 354.000000, -18.593778, 5012.306668
[17][85] = -503.319304, 4786.792028, 10.759888, 354.000000, -18.401786, 5060.705647
[17][86] = -508.908783, 4839.972362, 10.706177, 354.000000, -18.213822, 5111.304602
[17][87] = -512.875766, 4877.715687, 13.414185, 354.000000, -18.082656, 5138.404050
[18][0] = -124.974469, 1794.819508, -7.036255, 356.000000, -41.462762, 2439.619161
[18][1] = -125.538173, 1802.880853, -2.420532, 356.000000, -41.336862, 2438.719242
[18][2] = -127.275219, 1827.721764, -2.432373, 356.000000, -40.952823, 2457.517565
[18][3] = -129.077025, 1853.488786, -2.109131, 356.000000, -40.560638, 2476.615887
[18][4] = -130.876418, 1879.221314, -2.314819, 356.000000, -40.175139, 2496.614157
[18][5] = -132.737043, 1905.829483, -2.205688, 356.000000, -39.782881, 2516.912430
[18][6] = -134.600459, 1932.477580, -1.941772, 356.000000, -39.396394, 2537.110739
[18][7] = -136.501468, 1959.663264, -1.661377, 356.000000, -39.008546, 2557.809033
[18][8] = -138.434634, 1987.308838, -1.463135, 356.000000, -38.620674, 2579.107307
[18][9] = -140.421782, 2015.726375, -1.129150, 356.000000, -38.228708, 2600.905569
[18][10] = -142.428692, 2044.426521, -0.713013, 356.000000, -37.839635, 2622.903845
[18][11] = -144.213784, 2069.954528, -1.220215, 356.000000, -37.499187, 2644.002218
[18][12] = -145.955411, 2094.860946, -0.756348, 356.000000, -37.172034, 2663.100768
[18][13] = -147.701197, 2119.826860, -0.519043, 356.000000, -36.848970, 2682.699301
[18][14] = -149.481768, 2145.290207, -0.472900, 356.000000, -36.524403, 2703.097797
[18][15] = -151.280984, 2171.020191, -0.190430, 356.000000, -36.201403, 2723.396323
[18][16] = -153.124084, 2197.377752, 0.084351, 356.000000, -35.875606, 2744.294827
[18][17] = -154.979393, 2223.909906, 0.547119, 356.000000, -35.552744, 2765.093362
[18][18] = -156.896988, 2251.332800, 1.069092, 356.000000, -35.224309, 2786.591870
[18][19] = -158.821370, 2278.852737, 1.393677, 356.000000, -34.899987, 2808.590367
[18][20] = -160.759223, 2306.565328, 1.967041, 356.000000, -34.578628, 2830.388901
[18][21] = -162.737967, 2334.862691, 2.402588, 356.000000, -34.255797, 2852.987404
[18][22] = -164.758536, 2363.758167, 2.822876, 356.000000, -33.931565, 2876.185893
[18][23] = -166.822491, 2393.274101, 3.185303, 356.000000, -33.605907, 2900.084361
[18][24] = -168.903924, 2423.039981, 3.487305, 356.000000, -33.283039, 2924.382829
[18][25] = -171.022404, 2453.335650, 3.477173, 356.000000, -32.960019, 2949.781255
[18][26] = -173.196172, 2484.421989, 3.660400, 356.000000, -32.634306, 2975.579683
[18][27] = -175.398724, 2515.919944, 3.969971, 356.000000, -32.310076, 3001.578127
[18][28] = -177.659658, 2548.252804, 4.540283, 356.000000, -31.983179, 3027.876579
[18][29] = -179.924123, 2580.636165, 4.596436, 356.000000, -31.661651, 3055.274996
[18][30] = -182.240021, 2613.755056, 4.714966, 356.000000, -31.338764, 3083.273407
[18][31] = -184.608826, 2647.630542, 5.008789, 356.000000, -31.014569, 3111.671824
[18][32] = -187.022320, 2682.145108, 5.372314, 356.000000, -30.690418, 3140.570243
[18][33] = -189.482453, 2717.326653, 5.664795, 356.000000, -30.366242, 3170.268648
[18][34] = -191.598703, 2747.590442, 5.274414, 356.000000, -30.092300, 3197.167229
[18][35] = -193.636576, 2776.733383, 5.537231, 356.000000, -29.832708, 3221.865947
[18][36] = -195.640536, 2805.391350, 5.422607, 356.000000, -29.581375, 3246.964664
[18][37] = -197.753669, 2835.610557, 5.907837, 356.000000, -29.320491, 3272.263391
[18][38] = -199.913271, 2866.494302, 6.310913, 356.000000, -29.058170, 3298.362098
[18][39] = -202.072572, 2897.373751, 6.882812, 356.000000, -28.800138, 3324.160840
[18][40] = -204.269091, 2928.785433, 7.031128, 356.000000, -28.541925, 3351.359535
[18][41] = -206.525835, 2961.058368, 7.425537, 356.000000, -28.281016, 3378.858236
[18][42] = -208.832334, 2994.042847, 8.139771, 356.000000, -28.018841, 3406.356959
[18][43] = -211.154990, 3027.258377, 8.457397, 356.000000, -27.759309, 3434.955652
[18][44] = -213.492939, 3060.692604, 8.567627, 356.000000, -27.502502, 3464.254335
[18][45] = -215.922636, 3095.438883, 9.010864, 356.000000, -27.240223, 3494.053019
[18][46] = -218.369589, 3130.431943, 9.351440, 356.000000, -26.980712, 3524.351704
[18][47] = -220.847618, 3165.869412, 9.491333, 356.000000, -26.722529, 3555.550372
[18][48] = -223.398053, 3202.342325, 9.626221, 356.000000, -26.461542, 3587.749023
[18][49] = -225.980461, 3239.272483, 10.015625, 356.000000, -26.202062, 3619.847701
[18][50] = -228.638464, 3277.283701, 10.678345, 356.000000, -25.939883, 3652.346387
[18][51] = -231.320986, 3315.645557, 10.501099, 356.000000, -25.680194, 3687.145005
[18][52] = -234.036994, 3354.486272, 10.973267, 356.000000, -25.422157, 3720.943688
[18][53] = -236.850195, 3394.716919, 11.532715, 356.000000, -25.159945, 3755.842353
[18][54] = -239.688459, 3435.305994, 11.913330, 356.000000, -24.900476, 3791.541013
[18][55] = -242.582982, 3476.699600, 12.204956, 356.000000, -24.640976, 3828.239661
[18][56] = -245.567238, 3519.376442, 12.548340, 356.000000, -24.378692, 3866.038295
[18][57] = -248.627568, 3563.141199, 13.198364, 356.000000, -24.115115, 3904.136946
[18][58] = -251.653182, 3606.409496, 13.240356, 356.000000, -23.859747, 3943.335584
[18][59] = -254.823598, 3651.748559, 13.867554, 356.000000, -23.597567, 3983.034233
[18][60] = -258.010508, 3697.323494, 14.044678, 356.000000, -23.339446, 4024.132862
[18][61] = -260.713527, 3735.978467, 13.729614, 356.000000, -23.124661, 4060.231681
[18][62] = -263.117680, 3770.359455, 14.021118, 356.000000, -22.936740, 4090.930692
[18][63] = -265.629830, 3806.284877, 15.026855, 356.000000, -22.743442, 4121.229732
[18][64] = -268.129662, 3842.034145, 15.358521, 356.000000, -22.554132, 4153.128735
[18][65] = -270.725378, 3879.154612, 15.952637, 356.000000, -22.360697, 4185.627735
[18][66] = -273.290328, 3915.835111, 15.760986, 356.000000, -22.172623, 4219.826700
[18][67] = -276.033022, 3955.057454, 15.828247, 356.000000, -21.974813, 4255.725631
[18][68] = -278.705886, 3993.281195, 15.311768, 356.000000, -21.785243, 4292.324560
[18][69] = -281.522318, 4033.558048, 15.334351, 356.000000, -21.588829, 4329.423493
[18][70] = -284.285153, 4073.068425, 15.262085, 356.000000, -21.399403, 4366.122455
[18][71] = -287.093564, 4113.230576, 15.498657, 356.000000, -21.210074, 4402.621440
[18][72] = -289.992359, 4154.685270, 15.854980, 356.000000, -21.017976, 4440.020417
[18][73] = -292.899787, 4196.263436, 15.979126, 356.000000, -20.828615, 4478.219389
[18][74] = -295.922265, 4239.486887, 16.585815, 356.000000, -20.635188, 4516.618374
[18][75] = -298.914866, 4282.283069, 16.013062, 356.000000, -20.447031, 4558.017299
[18][76] = -302.072757, 4327.443020, 15.951660, 356.000000, -20.252011, 4600.216223
[18][77] = -305.153017, 4371.492781, 15.108398, 356.000000, -20.065190, 4643.715134
[18][78] = -308.404129, 4417.985860, 14.970581, 356.000000, -19.871559, 4687.514059
[18][79] = -311.621598, 4463.997798, 14.431885, 356.000000, -19.683432, 4732.112984
[18][80] = -315.019848, 4512.595045, 14.327393, 356.000000, -19.488416, 4777.911901
[18][81] = -318.334838, 4560.001615, 13.873535, 356.000000, -19.301724, 4823.710838
[18][82] = -321.860942, 4610.427251, 14.405640, 356.000000, -19.106884, 4869.409798
[18][83] = -325.328158, 4660.010739, 14.558960, 356.000000, -18.918957, 4915.508768
[18][84] = -328.966307, 4712.038692, 15.239624, 356.000000, -18.725558, 4962.307742
[18][85] = -332.600799, 4764.014361, 14.986938, 356.000000, -18.536124, 5012.006674
[18][86] = -336.332510, 4817.380304, 15.294800, 356.000000, -18.345433, 5061.305635
[18][87] = -340.086273, 4871.061628, 15.020630, 356.000000, -18.157402, 5112.804571
[19][0] = -62.504738, 1826.174006, -6.588623, 358.000000, -41.028483, 2460.117335
[19][1] = -63.396803, 1851.719410, -6.249390, 358.000000, -40.639170, 2479.015678
[19][2] = -64.300423, 1877.595701, -6.325073, 358.000000, -40.250999, 2498.913960
[19][3] = -65.221650, 1903.976203, -6.270142, 358.000000, -39.861559, 2519.112244
[19][4] = -66.150988, 1930.588966, -6.156128, 358.000000, -39.475011, 2539.510539
[19][5] = -67.095846, 1957.646148, -6.195068, 358.000000, -39.088394, 2560.608805
[19][6] = -68.052720, 1985.047442, -6.117920, 358.000000, -38.703300, 2581.907082
[19][7] = -69.032823, 2013.113901, -6.018188, 358.000000, -38.315443, 2603.805340
[19][8] = -69.995832, 2040.690882, -5.225464, 358.000000, -37.940714, 2624.303736
[19][9] = -70.842789, 2064.944551, -4.953735, 358.000000, -37.616259, 2643.102287
[19][10] = -71.706139, 2089.667662, -4.771729, 358.000000, -37.290360, 2662.500813
[19][11] = -72.578732, 2114.655471, -4.654297, 358.000000, -36.965846, 2682.299331
[19][12] = -73.460252, 2139.898894, -4.305420, 358.000000, -36.642897, 2701.997877
[19][13] = -74.374870, 2166.090112, -3.991211, 358.000000, -36.312918, 2722.596380
[19][14] = -75.280594, 2192.026654, -4.044678, 358.000000, -35.991166, 2743.694870
[19][15] = -76.211750, 2218.691485, -3.643433, 358.000000, -35.665487, 2764.693390
[19][16] = -77.145747, 2245.437652, -3.448120, 358.000000, -35.343915, 2786.191898
[19][17] = -78.098655, 2272.725359, -3.180664, 358.000000, -35.020996, 2808.090401
[19][18] = -79.083351, 2300.923370, -2.554565, 358.000000, -34.692673, 2830.188914
[19][19] = -80.054663, 2328.738103, -2.178833, 358.000000, -34.374053, 2852.487437
[19][20] = -81.059067, 2357.500488, -1.599854, 358.000000, -34.049936, 2875.285951
[19][21] = -82.093890, 2387.133922, -1.077148, 358.000000, -33.721585, 2898.984431
[19][22] = -83.138088, 2417.035853, -0.883789, 358.000000, -33.395877, 2923.582879
[19][23] = -84.205179, 2447.593349, -0.779663, 358.000000, -33.068732, 2948.981304
[19][24] = -85.277539, 2478.301704, -0.989868, 358.000000, -32.745652, 2975.179707
[19][25] = -86.368209, 2509.534427, -0.855469, 358.000000, -32.422765, 3001.278144
[19][26] = -87.488015, 2541.601457, -0.669800, 358.000000, -32.097110, 3028.076568
[19][27] = -88.613712, 2573.837203, -0.677002, 358.000000, -31.775583, 3055.474984
[19][28] = -89.769468, 2606.933734, -0.355591, 358.000000, -31.451423, 3083.073418
[19][29] = -90.941546, 2640.497655, 0.010132, 358.000000, -31.128698, 3111.071857
[19][30] = -92.077116, 2673.016132, 0.880737, 358.000000, -30.821662, 3137.270422
[19][31] = -93.058861, 2701.129618, 0.971680, 358.000000, -30.560590, 3161.269128
[19][32] = -94.050175, 2729.517152, 1.212891, 358.000000, -30.300998, 3185.267854
[19][33] = -95.051644, 2758.195449, 1.358643, 358.000000, -30.042772, 3209.766573
[19][34] = -96.079330, 2787.624526, 1.857300, 358.000000, -29.781906, 3234.265311
[19][35] = -97.118068, 2817.370097, 2.220703, 358.000000, -29.522385, 3259.364038
[19][36] = -98.173651, 2847.598048, 2.522827, 358.000000, -29.262841, 3285.062754
[19][37] = -99.240452, 2878.147232, 2.891235, 358.000000, -29.004734, 3310.961481
[19][38] = -100.336442, 2909.532285, 3.348999, 358.000000, -28.743863, 3337.460199
[19][39] = -101.445357, 2941.287444, 3.462036, 358.000000, -28.484251, 3365.058885
[19][40] = -102.572806, 2973.573371, 3.637085, 358.000000, -28.224672, 3393.057574
[19][41] = -103.713354, 3006.234391, 3.714966, 358.000000, -27.966461, 3421.656257
[19][42] = -104.891427, 3039.969983, 4.357788, 358.000000, -27.704278, 3450.054971
[19][43] = -106.078073, 3073.951074, 4.569580, 358.000000, -27.444728, 3479.653652
[19][44] = -107.272528, 3108.155790, 4.717407, 358.000000, -27.187964, 3509.652339
[19][45] = -108.501102, 3143.337559, 5.016235, 358.000000, -26.928457, 3540.251022
[19][46] = -109.765775, 3179.553028, 5.126709, 358.000000, -26.666075, 3572.249669
[19][47] = -111.046589, 3216.230745, 5.318359, 358.000000, -26.405132, 3604.548328
[19][48] = -112.330249, 3252.989958, 5.306519, 358.000000, -26.148326, 3637.446987
[19][49] = -113.666108, 3291.243975, 5.431519, 358.000000, -25.885965, 3671.445625
[19][50] = -115.019516, 3330.000498, 5.825562, 358.000000, -25.625113, 3705.344293
[19][51] = -116.399157, 3369.508252, 6.063110, 358.000000, -25.364206, 3740.342943
[19][52] = -117.774942, 3408.905570, 6.328613, 358.000000, -25.108925, 3775.241621
[19][53] = -119.200756, 3449.735533, 6.450195, 358.000000, -24.849386, 3811.840262
[19][54] = -120.662971, 3491.607918, 6.411621, 358.000000, -24.588392, 3849.838877
[19][55] = -122.113507, 3533.145810, 6.651978, 358.000000, -24.334517, 3886.937552
[19][56] = -123.642117, 3576.919492, 6.972778, 358.000000, -24.072255, 3925.936185
[19][57] = -125.202531, 3621.603909, 7.210571, 358.000000, -23.809967, 3966.034808
[19][58] = -126.681993, 3663.970135, 8.309082, 358.000000, -23.566213, 4001.933599
[19][59] = -127.859182, 3697.680416, 8.896729, 358.000000, -23.375598, 4031.232628
[19][60] = -129.055852, 3731.948569, 8.906372, 358.000000, -23.184791, 4062.531606
[19][61] = -130.271151, 3766.750185, 8.967651, 358.000000, -22.994004, 4094.230587
[19][62] = -131.513933, 3802.338816, 9.441406, 358.000000, -22.801950, 4125.629593
[19][63] = -132.767713, 3838.242360, 9.767212, 358.000000, -22.611251, 4157.728593
[19][64] = -134.050002, 3874.962324, 10.620239, 358.000000, -22.419318, 4189.227626
[19][65] = -135.344734, 3912.038591, 10.995728, 358.000000, -22.228635, 4222.326625
[19][66] = -136.680967, 3950.303308, 11.042725, 358.000000, -22.035042, 4257.425581
[19][67] = -138.000222, 3988.081804, 10.977417, 358.000000, -21.847029, 4292.424557
[19][68] = -139.380724, 4027.614209, 11.306030, 358.000000, -21.653529, 4328.023533
[19][69] = -140.755192, 4066.973832, 11.149414, 358.000000, -21.464090, 4364.822491
[19][70] = -142.182359, 4107.842544, 11.845825, 358.000000, -21.270702, 4400.721492
[19][71] = -143.593954, 4148.265337, 11.679932, 358.000000, -21.082667, 4438.620455
[19][72] = -145.072635, 4190.609238, 11.670532, 358.000000, -20.889071, 4477.919397
[19][73] = -146.566585, 4233.390345, 11.716187, 358.000000, -20.696896, 4517.518351
[19][74] = -148.087233, 4276.936020, 11.782837, 358.000000, -20.504729, 4557.817304
[19][75] = -149.624792, 4320.965940, 11.501465, 358.000000, -20.313867, 4599.616238
[19][76] = -151.202386, 4366.142326, 10.991211, 358.000000, -20.121542, 4643.215147
[19][77] = -152.785829, 4411.486212, 10.322388, 358.000000, -19.931984, 4687.514059
[19][78] = -154.397700, 4457.644136, 9.939819, 358.000000, -19.742511, 4731.812991
[19][79] = -156.051230, 4504.995059, 9.788330, 358.000000, -19.551703, 4776.611931
[19][80] = -157.736428, 4553.252803, 9.474487, 358.000000, -19.360854, 4822.810859
[19][81] = -159.453426, 4602.421202, 9.333618, 358.000000, -19.170056, 4869.409798
[19][82] = -161.202945, 4652.520872, 9.464966, 358.000000, -18.979331, 4916.108755
[19][83] = -162.999490, 4703.967182, 9.761719, 358.000000, -18.787249, 4963.607714
[19][84] = -164.805490, 4755.684271, 9.768921, 358.000000, -18.597898, 5012.306668
[19][85] = -166.662088, 4808.850272, 9.372070, 358.000000, -18.407043, 5063.705585
[19][86] = -168.554955, 4863.054878, 9.463379, 358.000000, -18.216315, 5114.604534
[19][87] = -169.865866, 4900.594480, 11.755615, 358.000000, -18.086449, 5142.703963
[20][0] = 2.000000, 1799.300538, -6.152100, 360.000000, -41.462028, 2438.319278
[20][1] = 2.000000, 1807.293384, -1.582520, 360.000000, -41.337502, 2437.419359
[20][2] = 2.000000, 1832.195401, -1.600708, 360.000000, -40.953447, 2456.217680
[20][3] = 2.000000, 1858.035071, -1.474243, 360.000000, -40.561105, 2475.615974
[20][4] = 2.000000, 1883.901885, -1.198242, 360.000000, -40.174540, 2494.914303
[20][5] = 2.000000, 1910.473801, -0.956055, 360.000000, -39.783768, 2514.912599
[20][6] = 2.000000, 1937.283239, -0.655029, 360.000000, -39.395885, 2535.110905
[20][7] = 2.000000, 1964.455099, -0.739136, 360.000000, -39.009178, 2556.309156
[20][8] = 2.000000, 1992.168590, -0.548584, 360.000000, -38.621290, 2577.607427
[20][9] = 2.000000, 2020.448720, -0.199463, 360.000000, -38.232134, 2599.205704
[20][10] = 2.000000, 2049.221656, 0.086670, 360.000000, -37.842966, 2621.403962
[20][11] = 2.000000, 2075.109730, -0.039917, 360.000000, -37.498536, 2642.102364
[20][12] = 2.000000, 2099.970439, 0.424561, 360.000000, -37.172778, 2661.100919
[20][13] = 2.000000, 2125.116267, 0.469971, 360.000000, -36.848180, 2681.099420
[20][14] = 2.000000, 2150.426108, 0.405640, 360.000000, -36.526346, 2701.497914
[20][15] = 2.000000, 2176.328033, 0.733032, 360.000000, -36.201961, 2721.796438
[20][16] = 2.000000, 2202.755819, 0.886353, 360.000000, -35.876083, 2742.894927
[20][17] = 2.000000, 2229.469784, 1.339722, 360.000000, -35.551804, 2763.793453
[20][18] = 2.000000, 2256.738220, 1.578125, 360.000000, -35.226008, 2785.591939
[20][19] = 2.000000, 2284.435919, 2.064819, 360.000000, -34.900370, 2807.390448
[20][20] = 2.000000, 2312.341485, 2.577759, 360.000000, -34.577567, 2829.388968
[20][21] = 2.000000, 2340.591122, 2.897705, 360.000000, -34.256072, 2852.087464
[20][22] = 2.000000, 2369.422815, 3.475342, 360.000000, -33.933326, 2874.885977
[20][23] = 2.000000, 2399.110623, 4.375854, 360.000000, -33.606550, 2897.884501
[20][24] = 2.000000, 2429.066855, 4.940796, 360.000000, -33.282408, 2921.782992
[20][25] = 2.000000, 2459.303612, 4.966675, 360.000000, -32.960800, 2946.981427
[20][26] = 2.000000, 2489.125487, 4.853394, 360.000000, -32.648967, 2972.179889
[20][27] = 2.000000, 2517.381395, 4.938721, 360.000000, -32.358315, 2995.778471
[20][28] = 2.000000, 2547.200816, 5.233398, 360.000000, -32.056547, 3020.377018
[20][29] = 2.000000, 2579.818250, 5.235840, 360.000000, -31.732176, 3047.975415
[20][30] = 2.000000, 2613.018631, 5.598633, 360.000000, -31.407997, 3075.473846
[20][31] = 2.000000, 2646.712099, 5.550903, 360.000000, -31.085032, 3104.272234
[20][32] = 2.000000, 2681.176051, 5.788574, 360.000000, -30.760815, 3133.270639
[20][33] = 2.000000, 2716.309173, 5.856445, 360.000000, -30.436528, 3163.269021
[20][34] = 2.000000, 2747.149436, 5.370605, 360.000000, -30.156923, 3190.767564
[20][35] = 2.000000, 2776.395311, 5.887695, 360.000000, -29.896041, 3214.966303
[20][36] = 2.000000, 2805.625985, 6.373291, 360.000000, -29.639360, 3239.265056
[20][37] = 2.000000, 2835.641785, 6.971802, 360.000000, -29.379925, 3264.063801
[20][38] = 2.000000, 2866.477911, 7.550537, 360.000000, -29.117675, 3289.662527
[20][39] = 2.000000, 2897.328460, 7.917358, 360.000000, -28.859546, 3315.761247
[20][40] = 2.000000, 2929.043434, 8.049316, 360.000000, -28.598512, 3343.159926
[20][41] = 2.000000, 2960.924504, 8.517822, 360.000000, -28.340435, 3370.058649
[20][42] = 2.000000, 2993.885802, 8.797241, 360.000000, -28.078070, 3398.357328
[20][43] = 2.000000, 3026.675805, 9.407959, 360.000000, -27.821463, 3425.856065
[20][44] = 2.000000, 3060.595535, 9.713501, 360.000000, -27.560520, 3455.054746
[20][45] = 2.000000, 3095.305281, 9.907471, 360.000000, -27.298133, 3485.253405
[20][46] = 2.000000, 3130.075836, 9.882568, 360.000000, -27.039873, 3516.052062
[20][47] = 2.000000, 3165.442716, 10.263062, 360.000000, -26.781781, 3546.550754
[20][48] = 2.000000, 3201.839499, 10.675537, 360.000000, -26.520898, 3577.949431
[20][49] = 2.000000, 3239.094606, 11.318237, 360.000000, -26.258704, 3609.648119
[20][50] = 2.000000, 3276.467771, 11.326538, 360.000000, -26.000477, 3642.946765
[20][51] = 2.000000, 3314.734423, 11.539551, 360.000000, -25.740931, 3676.645419
[20][52] = 2.000000, 3353.718779, 11.885010, 360.000000, -25.481438, 3710.744083
[20][53] = 2.000000, 3393.884172, 12.239258, 360.000000, -25.219145, 3745.942729
[20][54] = 2.000000, 3434.843067, 12.498169, 360.000000, -24.956820, 3782.141363
[20][55] = 2.000000, 3475.938603, 12.752563, 360.000000, -24.698708, 3818.540016
[20][56] = 2.000000, 3518.297061, 13.174316, 360.000000, -24.437851, 3855.738665
[20][57] = 2.000000, 3561.289042, 13.404175, 360.000000, -24.178333, 3894.037301
[20][58] = 2.000000, 3605.152939, 13.697754, 360.000000, -23.918840, 3933.035939
[20][59] = 2.000000, 3650.398169, 14.199463, 360.000000, -23.656615, 3972.834577
[20][60] = 2.000000, 3695.855233, 14.601196, 360.000000, -23.398566, 4013.133226
[20][61] = 2.000000, 3734.445280, 13.862915, 360.000000, -23.183636, 4050.132009
[20][62] = 2.000000, 3768.474470, 14.345093, 360.000000, -22.997181, 4079.931045
[20][63] = 2.000000, 3804.599138, 14.880615, 360.000000, -22.802325, 4111.530038
[20][64] = 2.000000, 3840.259165, 15.223999, 360.000000, -22.613018, 4143.229043
[20][65] = 2.000000, 3877.299296, 15.603027, 360.000000, -22.419514, 4176.128026
[20][66] = 2.000000, 3914.391370, 16.125000, 360.000000, -22.228862, 4208.727034
[20][67] = 2.000000, 3952.376006, 16.587891, 360.000000, -22.036787, 4242.326028
[20][68] = 2.000000, 3990.433499, 16.936890, 360.000000, -21.847483, 4276.325026
[20][69] = 2.000000, 4029.976874, 17.505981, 360.000000, -21.654039, 4311.124017
[20][70] = 2.000000, 4068.801908, 16.926636, 360.000000, -21.467256, 4348.422953
[20][71] = 2.000000, 4110.011326, 17.243408, 360.000000, -21.272334, 4385.521913
[20][72] = 2.000000, 4150.748216, 17.271973, 360.000000, -21.082937, 4423.020879
[20][73] = 2.000000, 4193.089570, 17.738892, 360.000000, -20.889464, 4460.819855
[20][74] = 2.000000, 4234.657335, 17.502686, 360.000000, -20.702799, 4499.918814
[20][75] = 2.000000, 4278.832559, 17.853149, 360.000000, -20.507890, 4539.817769
[20][76] = 2.000000, 4322.238297, 17.411865, 360.000000, -20.319769, 4581.316703
[20][77] = 2.000000, 4368.079089, 17.016357, 360.000000, -20.124651, 4625.015600
[20][78] = 2.000000, 4412.766790, 16.314331, 360.000000, -19.937870, 4668.614520
[20][79] = 2.000000, 4460.286366, 16.296265, 360.000000, -19.742868, 4712.913444
[20][80] = 2.000000, 4506.625199, 15.994873, 360.000000, -19.556207, 4757.012392
[20][81] = 2.000000, 4555.576723, 16.192993, 360.000000, -19.362672, 4802.111337
[20][82] = 2.000000, 4604.757988, 16.245605, 360.000000, -19.171905, 4847.910285
[20][83] = 2.000000, 4654.515590, 16.327148, 360.000000, -18.982550, 4894.209242
[20][84] = 2.000000, 4705.608434, 16.537354, 360.000000, -18.791828, 4941.408198
[20][85] = 2.000000, 4757.735486, 16.400146, 360.000000, -18.601016, 4990.707129
[20][86] = 2.000000, 4810.898277, 16.337402, 360.000000, -18.410226, 5040.806065
[20][87] = 2.000000, 4865.115445, 16.540039, 360.000000, -18.219506, 5091.105017
