mapping matrix :
[0][0] = 67.109587, 1843.494612, -2.826660, 2.000000, -40.774838, 2467.916648
[0][1] = 67.697311, 1860.324842, -2.696045, 2.000000, -40.520369, 2480.515547
[0][2] = 68.297923, 1877.524118, -2.676270, 2.000000, -40.263023, 2493.614415
[0][3] = 68.904587, 1894.896707, -2.474854, 2.000000, -40.005826, 2506.613303
[0][4] = 69.511590, 1912.279004, -2.622437, 2.000000, -39.751210, 2520.212152
[0][5] = 70.124336, 1929.825743, -2.338379, 2.000000, -39.496915, 2533.311055
[0][6] = 70.747788, 1947.679084, -2.444824, 2.000000, -39.240958, 2547.309895
[0][7] = 71.378255, 1965.733283, -2.671631, 2.000000, -38.984937, 2561.708715
[0][8] = 72.036089, 1984.571170, -2.481201, 2.000000, -38.720783, 2576.107548
[0][9] = 72.679884, 2003.007053, -2.144165, 2.000000, -38.465174, 2590.006434
[0][10] = 73.331322, 2021.661808, -2.044067, 2.000000, -38.209421, 2604.505285
[0][11] = 73.986377, 2040.420133, -1.863159, 2.000000, -37.955139, 2619.004149
[0][12] = 74.655776, 2059.589194, -1.392944, 2.000000, -37.698245, 2633.403032
[0][13] = 75.330004, 2078.896578, -1.376709, 2.000000, -37.442475, 2648.701859
[0][14] = 76.011573, 2098.414140, -1.046265, 2.000000, -37.186917, 2663.700723
[0][15] = 76.697419, 2118.054216, -0.749512, 2.000000, -36.932753, 2678.899584
[0][16] = 77.376362, 2137.496602, -0.698975, 2.000000, -36.684067, 2694.398436
[0][17] = 78.086782, 2157.840371, -0.722656, 2.000000, -36.426918, 2710.797235
[0][18] = 78.801843, 2178.317026, -0.710083, 2.000000, -36.171210, 2727.296042
[0][19] = 79.548972, 2199.711993, -0.287964, 2.000000, -35.907327, 2743.894856
[0][20] = 80.281994, 2220.703000, -0.262329, 2.000000, -35.651650, 2760.893656
[0][21] = 81.023613, 2241.940208, 0.084717, 2.000000, -35.396170, 2777.592492
[0][22] = 81.770834, 2263.337813, 0.188843, 2.000000, -35.141964, 2794.891300
[0][23] = 82.539490, 2285.349236, 0.668091, 2.000000, -34.883767, 2812.090130
[0][24] = 83.305454, 2307.283573, 1.080444, 2.000000, -34.629752, 2829.388968
[0][25] = 84.081128, 2329.495961, 1.591431, 2.000000, -34.375798, 2846.787813
[0][26] = 84.875380, 2352.240370, 2.261719, 2.000000, -34.119128, 2864.386659
[0][27] = 85.675962, 2375.166038, 2.815796, 2.000000, -33.863801, 2882.385493
[0][28] = 86.483030, 2398.277454, 3.202393, 2.000000, -33.609794, 2900.884310
[0][29] = 87.301378, 2421.711859, 3.323364, 2.000000, -33.355651, 2920.183092
[0][30] = 88.140455, 2445.739875, 3.198608, 2.000000, -33.098578, 2940.481828
[0][31] = 88.986602, 2469.970366, 2.982422, 2.000000, -32.842874, 2961.180557
[0][32] = 89.839531, 2494.395071, 2.888550, 2.000000, -32.588650, 2981.879303
[0][33] = 90.708553, 2519.280594, 3.141846, 2.000000, -32.333209, 3002.378079
[0][34] = 91.590106, 2544.524980, 3.265625, 2.000000, -32.077709, 3023.476836
[0][35] = 92.479550, 2569.995306, 3.256226, 2.000000, -31.823556, 3045.075582
[0][36] = 93.381343, 2595.819295, 3.487915, 2.000000, -31.569530, 3066.574351
[0][37] = 94.306301, 2622.306615, 3.781250, 2.000000, -31.312732, 3088.573109
[0][38] = 95.235044, 2648.902328, 3.840088, 2.000000, -31.058636, 3111.171852
[0][39] = 96.177629, 2675.894425, 3.847168, 2.000000, -30.804522, 3134.270585
[0][40] = 97.139601, 2703.441711, 3.873169, 2.000000, -30.549023, 3157.869310
[0][41] = 98.115376, 2731.384265, 4.354126, 2.000000, -30.293742, 3180.968081
[0][42] = 99.140026, 2760.726383, 4.312866, 2.000000, -30.029802, 3206.366749
[0][43] = 100.141335, 2789.400135, 4.663574, 2.000000, -29.775875, 3230.465505
[0][44] = 101.163420, 2818.668826, 5.294312, 2.000000, -29.520675, 3254.564280
[0][45] = 102.196557, 2848.253975, 5.591797, 2.000000, -29.266731, 3279.663022
[0][46] = 103.246263, 2878.313641, 5.825195, 2.000000, -29.012764, 3305.361755
[0][47] = 104.324251, 2909.183174, 6.329956, 2.000000, -28.756113, 3331.260497
[0][48] = 105.408415, 2940.229560, 6.550049, 2.000000, -28.502149, 3357.959221
[0][49] = 106.510655, 2971.793599, 6.633789, 2.000000, -28.248132, 3385.457928
[0][50] = 107.636871, 3004.044188, 7.030518, 2.000000, -27.992849, 3412.956655
[0][51] = 108.781999, 3036.836357, 7.487549, 2.000000, -27.737594, 3440.855385
[0][52] = 109.946816, 3070.192357, 7.874878, 2.000000, -27.482313, 3469.454104
[0][53] = 111.124753, 3103.924073, 8.484497, 2.000000, -27.228529, 3497.952848
[0][54] = 112.336680, 3138.629109, 9.006958, 2.000000, -26.971903, 3527.551566
[0][55] = 113.556552, 3173.561691, 9.507812, 2.000000, -26.718078, 3557.450292
[0][56] = 114.805446, 3209.325325, 9.780762, 2.000000, -26.462762, 3588.648985
[0][57] = 116.119110, 3246.943742, 10.104004, 2.000000, -26.199048, 3621.447636
[0][58] = 117.363481, 3282.577858, 10.772217, 2.000000, -25.953714, 3651.746411
[0][59] = 118.733146, 3321.799935, 11.029053, 2.000000, -25.688577, 3686.245041
[0][60] = 120.070379, 3360.093282, 10.956299, 2.000000, -25.434548, 3720.743696
[0][61] = 121.401667, 3398.216371, 11.233276, 2.000000, -25.186268, 3754.342410
[0][62] = 122.796311, 3438.153754, 11.549194, 2.000000, -24.930988, 3789.541087
[0][63] = 124.210412, 3478.648315, 11.682007, 2.000000, -24.677049, 3825.739752
[0][64] = 125.667304, 3520.368244, 12.218628, 2.000000, -24.420451, 3862.138435
[0][65] = 127.146087, 3562.715044, 12.230469, 2.000000, -24.165073, 3900.437076
[0][66] = 128.662423, 3606.137237, 12.465698, 2.000000, -23.908374, 3939.235725
[0][67] = 130.243754, 3651.420613, 12.764648, 2.000000, -23.646088, 3979.634348
[0][68] = 131.761429, 3694.881140, 13.582031, 2.000000, -23.399414, 4017.133093
[0][69] = 133.417962, 3742.318038, 13.676025, 2.000000, -23.135660, 4060.131684
[0][70] = 135.055553, 3789.212526, 13.957764, 2.000000, -22.880390, 4102.230332
[0][71] = 136.737346, 3837.372778, 14.248535, 2.000000, -22.623723, 4145.528971
[0][72] = 138.436339, 3886.025573, 14.697876, 2.000000, -22.369915, 4188.927635
[0][73] = 140.173001, 3935.757061, 14.825806, 2.000000, -22.116007, 4234.226269
[0][74] = 141.957009, 3986.844362, 15.333984, 2.000000, -21.860818, 4279.824924
[0][75] = 143.801799, 4039.672233, 15.641968, 2.000000, -21.602761, 4327.623544
[0][76] = 145.660000, 4092.884154, 15.011353, 2.000000, -21.348631, 4378.422111
[0][77] = 147.548041, 4146.950566, 15.321411, 2.000000, -21.096195, 4427.520757
[0][78] = 149.512446, 4203.203762, 15.556641, 2.000000, -20.839530, 4478.919371
[0][79] = 151.511923, 4260.461302, 16.039307, 2.000000, -20.584342, 4530.618009
[0][80] = 153.560397, 4319.121930, 16.090942, 2.000000, -20.329030, 4584.916611
[0][81] = 155.647678, 4378.893820, 15.874268, 2.000000, -20.075050, 4641.115199
[0][82] = 157.799235, 4440.506368, 15.189819, 2.000000, -19.819542, 4700.513743
[0][83] = 159.990196, 4503.247256, 15.407593, 2.000000, -19.565694, 4758.412359
[0][84] = 162.224416, 4567.226960, 15.405396, 2.000000, -19.313192, 4818.210965
[0][85] = 164.564342, 4634.233676, 16.521729, 2.000000, -19.055380, 4877.509616
[0][86] = 166.918109, 4701.636728, 15.633179, 2.000000, -18.802648, 4943.408154
[0][87] = 169.411956, 4773.051188, 15.996094, 2.000000, -18.541834, 5009.306731
[0][88] = 171.822041, 4842.066974, 15.892456, 2.000000, -18.296332, 5074.505360
[1][0] = 131.373794, 1829.131450, -2.840454, 4.000000, -40.942205, 2459.617379
[1][1] = 132.521689, 1845.547120, -2.855469, 4.000000, -40.691835, 2472.116280
[1][2] = 133.740552, 1862.977662, -2.985596, 4.000000, -40.428744, 2485.615105
[1][3] = 134.932239, 1880.019583, -2.950806, 4.000000, -40.174231, 2498.613986
[1][4] = 136.155864, 1897.518240, -2.723389, 4.000000, -39.915654, 2511.712870
[1][5] = 137.379920, 1915.023059, -2.718262, 4.000000, -39.659748, 2525.211732
[1][6] = 138.602762, 1932.510511, -2.499756, 4.000000, -39.406820, 2538.410631
[1][7] = 139.853096, 1950.391118, -2.438232, 4.000000, -39.150985, 2552.209492
[1][8] = 141.123546, 1968.559400, -2.204590, 4.000000, -38.893878, 2566.008365
[1][9] = 142.395361, 1986.747200, -2.369141, 4.000000, -38.639327, 2580.507194
[1][10] = 143.681068, 2005.133666, -2.465698, 4.000000, -38.384840, 2595.106029
[1][11] = 145.000701, 2024.005298, -1.923096, 4.000000, -38.126573, 2609.104923
[1][12] = 146.315914, 2042.813724, -2.060181, 4.000000, -37.872088, 2624.203744
[1][13] = 147.651914, 2061.919405, -1.715088, 4.000000, -37.616524, 2638.802617
[1][14] = 149.004373, 2081.260483, -1.653564, 4.000000, -37.360790, 2654.101449
[1][15] = 150.379995, 2100.932791, -1.521606, 4.000000, -37.103709, 2669.600279
[1][16] = 151.763424, 2120.716750, -1.125854, 4.000000, -36.848207, 2684.799145
[1][17] = 153.156126, 2140.633308, -0.878052, 4.000000, -36.594029, 2700.397995
[1][18] = 154.589594, 2161.132860, -0.797241, 4.000000, -36.335544, 2716.796800
[1][19] = 156.016332, 2181.536164, -0.554321, 4.000000, -36.081384, 2732.895640
[1][20] = 157.460782, 2202.192759, -0.396729, 4.000000, -35.827182, 2749.394466
[1][21] = 158.939016, 2223.332485, -0.155518, 4.000000, -35.570230, 2766.193285
[1][22] = 160.419814, 2244.508892, -0.041382, 4.000000, -35.316023, 2783.292097
[1][23] = 161.927043, 2266.063264, 0.223022, 4.000000, -35.060508, 2800.490918
[1][24] = 163.453546, 2287.893276, 0.473633, 4.000000, -34.804994, 2817.989732
[1][25] = 164.999178, 2309.996841, 0.880615, 4.000000, -34.549575, 2835.488561
[1][26] = 166.564380, 2332.380273, 1.444336, 4.000000, -34.294249, 2852.987404
[1][27] = 168.142708, 2354.951424, 1.615234, 4.000000, -34.040117, 2871.386204
[1][28] = 169.767013, 2378.180058, 2.230591, 4.000000, -33.782021, 2889.585031
[1][29] = 171.396413, 2401.481571, 2.516357, 4.000000, -33.526561, 2908.483828
[1][30] = 173.030131, 2424.844820, 2.638672, 4.000000, -33.273830, 2927.782617
[1][31] = 174.704541, 2448.790004, 2.729370, 4.000000, -33.018283, 2947.681384
[1][32] = 176.410975, 2473.193146, 2.950073, 4.000000, -32.761408, 2967.780155
[1][33] = 178.123328, 2497.680928, 2.861938, 4.000000, -32.507190, 2988.578901
[1][34] = 179.859710, 2522.512353, 2.747559, 4.000000, -32.252969, 3009.777641
[1][35] = 181.639121, 2547.959115, 2.942383, 4.000000, -31.996106, 3030.976399
[1][36] = 183.425001, 2573.498395, 2.944336, 4.000000, -31.741963, 3052.675145
[1][37] = 185.245624, 2599.534507, 3.250977, 4.000000, -31.486574, 3074.273914
[1][38] = 187.082397, 2625.801583, 3.635010, 4.000000, -31.232632, 3095.972695
[1][39] = 188.967062, 2652.753554, 3.986328, 4.000000, -30.975871, 3118.371455
[1][40] = 190.933018, 2680.868032, 4.261230, 4.000000, -30.712059, 3141.970167
[1][41] = 192.855744, 2708.364304, 4.244507, 4.000000, -30.457944, 3165.668893
[1][42] = 194.827969, 2736.568430, 4.616943, 4.000000, -30.201209, 3189.267643
[1][43] = 196.820264, 2765.059571, 4.839844, 4.000000, -29.945815, 3213.466381
[1][44] = 198.831323, 2793.819060, 5.354248, 4.000000, -29.691961, 3237.365152
[1][45] = 200.873793, 2823.027735, 5.887207, 4.000000, -29.438119, 3261.663922
[1][46] = 202.961360, 2852.881341, 6.082764, 4.000000, -29.182725, 3287.262645
[1][47] = 205.082685, 2883.217696, 6.220337, 4.000000, -28.927312, 3313.461359
[1][48] = 207.226959, 2913.882254, 6.236816, 4.000000, -28.673257, 3340.260065
[1][49] = 209.429978, 2945.386893, 6.396851, 4.000000, -28.416463, 3367.558767
[1][50] = 211.645212, 2977.066207, 6.516602, 4.000000, -28.162464, 3395.157476
[1][51] = 213.896315, 3009.258487, 6.923950, 4.000000, -27.908591, 3422.656211
[1][52] = 216.210978, 3042.359703, 7.310303, 4.000000, -27.651906, 3451.054926
[1][53] = 218.552900, 3075.850749, 7.604370, 4.000000, -27.396589, 3480.053635
[1][54] = 220.920326, 3109.706516, 8.391479, 4.000000, -27.142879, 3508.352395
[1][55] = 223.330258, 3144.170152, 8.852173, 4.000000, -26.889038, 3537.951120
[1][56] = 225.808595, 3179.612021, 9.681396, 4.000000, -26.632537, 3567.649862
[1][57] = 228.319128, 3215.514311, 10.132324, 4.000000, -26.377291, 3598.648571
[1][58] = 230.861388, 3251.870330, 10.476685, 4.000000, -26.123409, 3630.347274
[1][59] = 233.477323, 3289.279939, 11.213379, 4.000000, -25.866873, 3662.145995
[1][60] = 236.129687, 3327.210518, 11.348755, 4.000000, -25.611514, 3695.844664
[1][61] = 238.816441, 3365.632892, 11.573486, 4.000000, -25.357596, 3729.843345
[1][62] = 241.568300, 3404.986298, 12.010864, 4.000000, -25.102356, 3764.242035
[1][63] = 244.403886, 3445.537070, 12.504883, 4.000000, -24.844333, 3799.640712
[1][64] = 247.264952, 3486.452226, 12.616943, 4.000000, -24.588980, 3836.339366
[1][65] = 250.165581, 3527.933145, 12.845215, 4.000000, -24.335077, 3873.338035
[1][66] = 253.156701, 3570.708164, 13.048584, 4.000000, -24.078361, 3911.636683
[1][67] = 256.191788, 3614.111924, 13.186890, 4.000000, -23.823030, 3950.735330
[1][68] = 259.271928, 3658.159985, 13.228027, 4.000000, -23.569073, 3990.733974
[1][69] = 262.430462, 3703.329116, 13.822510, 4.000000, -23.313904, 4030.432654
[1][70] = 265.671990, 3749.685133, 14.625610, 4.000000, -23.057402, 4070.731341
[1][71] = 268.966747, 3796.802356, 14.821777, 4.000000, -22.802101, 4113.329981
[1][72] = 272.445115, 3846.545335, 14.817871, 4.000000, -22.538321, 4158.928556
[1][73] = 275.749831, 3893.804965, 15.536133, 4.000000, -22.293016, 4200.427285
[1][74] = 279.282508, 3944.324608, 15.779663, 4.000000, -22.036335, 4246.225913
[1][75] = 282.833505, 3995.106231, 16.212769, 4.000000, -21.783926, 4291.824575
[1][76] = 286.524695, 4047.892702, 16.684937, 4.000000, -21.527320, 4339.223214
[1][77] = 290.281854, 4101.622589, 16.695557, 4.000000, -21.271978, 4388.821821
[1][78] = 294.253993, 4158.426814, 16.753296, 4.000000, -21.008237, 4441.220384
[1][79] = 298.169129, 4214.415870, 16.822388, 4.000000, -20.754324, 4492.918999
[1][80] = 302.221984, 4272.374400, 16.825439, 4.000000, -20.497590, 4546.717591
[1][81] = 306.326740, 4331.075141, 16.925415, 4.000000, -20.243693, 4601.016203
[1][82] = 310.507615, 4390.864445, 17.057983, 4.000000, -19.991212, 4656.314823
[1][83] = 314.840910, 4452.833440, 16.823853, 4.000000, -19.735827, 4714.813398
[1][84] = 319.284601, 4516.381191, 16.284546, 4.000000, -19.480363, 4775.811950
[1][85] = 323.815606, 4581.177578, 15.878174, 4.000000, -19.226347, 4837.710517
[1][86] = 328.462710, 4647.634254, 15.563232, 4.000000, -18.972362, 4901.009090
[1][87] = 333.280461, 4716.531317, 16.055298, 4.000000, -18.715789, 4964.207701
[1][88] = 338.173791, 4786.509196, 16.285645, 4.000000, -18.461953, 5029.306307
[2][0] = 197.011552, 1834.410982, -2.826660, 6.000000, -40.774838, 2467.916648
[2][1] = 198.840981, 1851.816833, -2.823730, 6.000000, -40.510431, 2481.215486
[2][2] = 200.571414, 1868.280803, -2.802490, 6.000000, -40.262932, 2493.814398
[2][3] = 202.379331, 1885.481981, -2.771973, 6.000000, -40.007020, 2507.013269
[2][4] = 204.206811, 1902.869298, -2.809814, 6.000000, -39.751078, 2520.512127
[2][5] = 206.043630, 1920.345457, -2.835449, 6.000000, -39.496569, 2534.110988
[2][6] = 207.909996, 1938.102743, -2.753662, 6.000000, -39.240745, 2547.809854
[2][7] = 209.795830, 1956.045255, -2.487305, 6.000000, -38.985062, 2561.408739
[2][8] = 211.767365, 1974.803164, -2.542114, 6.000000, -38.720742, 2576.207540
[2][9] = 213.705417, 1993.242496, -2.034790, 6.000000, -38.463842, 2589.906442
[2][10] = 215.646447, 2011.710165, -2.044067, 6.000000, -38.209421, 2604.505285
[2][11] = 217.609028, 2030.382872, -1.983276, 6.000000, -37.955061, 2619.204133
[2][12] = 219.615467, 2049.472862, -1.811157, 6.000000, -37.697976, 2634.102978
[2][13] = 221.634256, 2068.680361, -1.673584, 6.000000, -37.442286, 2649.201821
[2][14] = 223.677124, 2088.116949, -1.636841, 6.000000, -37.186546, 2664.700647
[2][15] = 225.742769, 2107.770246, -1.343994, 6.000000, -36.930978, 2679.999502
[2][16] = 227.765108, 2127.011514, -1.341309, 6.000000, -36.683672, 2695.498355
[2][17] = 229.892888, 2147.255996, -1.361206, 6.000000, -36.426530, 2711.897155
[2][18] = 232.032526, 2167.613288, -0.940796, 6.000000, -36.171071, 2727.696013
[2][19] = 234.271138, 2188.912259, -0.689087, 6.000000, -35.907089, 2744.594806
[2][20] = 236.466044, 2209.795399, -0.546997, 6.000000, -35.651482, 2761.393621
[2][21] = 238.687284, 2230.929078, -0.198364, 6.000000, -35.396006, 2778.092457
[2][22] = 240.925585, 2252.225090, -0.148682, 6.000000, -35.141770, 2795.491259
[2][23] = 243.228370, 2274.134626, 0.220825, 6.000000, -34.883513, 2812.890076
[2][24] = 245.522520, 2295.962008, 0.635986, 6.000000, -34.629502, 2830.188914
[2][25] = 247.845470, 2318.063403, 1.205200, 6.000000, -34.375583, 2847.487766
[2][26] = 250.226601, 2340.718345, 1.439209, 6.000000, -34.118675, 2865.886561
[2][27] = 252.626390, 2363.550816, 1.617188, 6.000000, -33.863149, 2884.585351
[2][28] = 255.043917, 2386.552045, 1.957764, 6.000000, -33.609124, 2903.184164
[2][29] = 257.508555, 2410.001516, 2.091675, 6.000000, -33.353591, 2922.582942
[2][30] = 260.006949, 2433.772148, 2.184204, 6.000000, -33.098044, 2942.381710
[2][31] = 262.539868, 2457.871262, 2.239990, 6.000000, -32.842488, 2962.580471
[2][32] = 265.094210, 2482.174195, 2.203979, 6.000000, -32.588298, 2983.179225
[2][33] = 267.698116, 2506.948714, 2.252930, 6.000000, -32.332757, 3004.077978
[2][34] = 270.337376, 2532.059595, 2.590454, 6.000000, -32.077370, 3024.776760
[2][35] = 273.000817, 2557.400542, 2.689209, 6.000000, -31.823274, 3046.175519
[2][36] = 275.701254, 2583.093483, 3.026978, 6.000000, -31.569303, 3067.474300
[2][37] = 278.471343, 2609.449118, 3.374634, 6.000000, -31.312535, 3089.373064
[2][38] = 281.250900, 2635.894832, 3.840088, 6.000000, -31.058636, 3111.171852
[2][39] = 284.074328, 2662.757959, 3.796997, 6.000000, -30.804499, 3134.370580
[2][40] = 286.953701, 2690.153364, 4.171387, 6.000000, -30.549163, 3157.269342
[2][41] = 289.877601, 2717.972411, 4.403320, 6.000000, -30.293765, 3180.868086
[2][42] = 292.961600, 2747.314709, 4.624146, 6.000000, -30.028541, 3205.866775
[2][43] = 295.943510, 2775.685681, 5.100952, 6.000000, -29.776074, 3229.565551
[2][44] = 299.005054, 2804.814333, 5.679810, 6.000000, -29.520848, 3253.764320
[2][45] = 302.099176, 2834.252933, 6.022217, 6.000000, -29.266922, 3278.763067
[2][46] = 305.242930, 2864.163756, 6.299683, 6.000000, -29.012972, 3304.361804
[2][47] = 308.471390, 2894.880504, 6.847656, 6.000000, -28.756337, 3330.160550
[2][48] = 311.718868, 2925.778184, 7.016846, 6.000000, -28.502349, 3356.959268
[2][49] = 315.018169, 2957.168939, 7.467285, 6.000000, -28.248485, 3383.658012
[2][50] = 318.392882, 2989.277192, 7.581543, 6.000000, -27.993080, 3411.756710
[2][51] = 321.841561, 3022.089177, 8.061401, 6.000000, -27.736428, 3439.755435
[2][52] = 325.312757, 3055.115399, 8.190918, 6.000000, -27.482442, 3468.754135
[2][53] = 328.840835, 3088.682821, 8.797852, 6.000000, -27.228656, 3497.252879
[2][54] = 332.470969, 3123.221236, 9.273193, 6.000000, -26.972010, 3526.951592
[2][55] = 336.125153, 3157.988482, 9.683716, 6.000000, -26.718148, 3557.050309
[2][56] = 339.864996, 3193.570709, 10.085938, 6.000000, -26.462881, 3587.949014
[2][57] = 343.796826, 3230.979572, 10.881592, 6.000000, -26.199349, 3619.647709
[2][58] = 347.524137, 3266.442565, 11.500244, 6.000000, -25.953992, 3650.046479
[2][59] = 351.625971, 3305.468914, 11.834839, 6.000000, -25.688882, 3684.345115
[2][60] = 355.630423, 3343.568725, 11.880981, 6.000000, -25.434893, 3718.543781
[2][61] = 359.640322, 3381.720367, 12.189331, 6.000000, -25.185217, 3752.242489
[2][62] = 363.793229, 3421.232634, 12.745361, 6.000000, -24.931424, 3786.641195
[2][63] = 368.025691, 3461.501820, 13.357300, 6.000000, -24.677651, 3821.639902
[2][64] = 372.389787, 3503.023420, 13.796509, 6.000000, -24.421011, 3858.238575
[2][65] = 376.815261, 3545.128992, 14.393799, 6.000000, -24.165832, 3895.037266
[2][66] = 381.333116, 3588.113517, 14.402466, 6.000000, -23.910448, 3934.135901
[2][67] = 386.095692, 3633.426401, 14.492065, 6.000000, -23.646679, 3975.234496
[2][68] = 390.669103, 3676.939496, 15.030762, 6.000000, -23.398501, 4013.633209
[2][69] = 395.629500, 3724.134520, 15.380371, 6.000000, -23.134825, 4055.931820
[2][70] = 400.506504, 3770.536118, 15.822388, 6.000000, -22.881004, 4097.330488
[2][71] = 405.540071, 3818.427306, 16.658081, 6.000000, -22.624507, 4139.129170
[2][72] = 410.627349, 3866.829520, 17.305420, 6.000000, -22.370753, 4181.927848
[2][73] = 415.825524, 3916.286855, 17.921021, 6.000000, -22.116988, 4225.826520
[2][74] = 421.170347, 3967.139450, 18.176636, 6.000000, -21.861707, 4272.025152
[2][75] = 426.692875, 4019.682795, 18.885254, 6.000000, -21.603762, 4318.623802
[2][76] = 432.253928, 4072.592680, 18.895264, 6.000000, -21.349813, 4367.522416
[2][77] = 437.911309, 4126.419066, 18.809204, 6.000000, -21.097242, 4417.621027
[2][78] = 443.795725, 4182.405542, 18.899658, 6.000000, -20.840519, 4469.319627
[2][79] = 449.790433, 4239.441375, 18.482788, 6.000000, -20.585055, 4523.518194
[2][80] = 455.928298, 4297.839263, 18.165283, 6.000000, -20.329627, 4578.816766
[2][81] = 462.174543, 4357.268319, 18.696777, 6.000000, -20.075850, 4632.715408
[2][82] = 468.612161, 4418.518154, 18.907227, 6.000000, -19.820580, 4689.314015
[2][83] = 475.183411, 4481.039427, 17.833862, 6.000000, -19.566361, 4751.012534
[2][84] = 481.877350, 4544.727998, 17.510010, 6.000000, -19.313762, 4811.711115
[2][85] = 488.893508, 4611.482281, 17.544556, 6.000000, -19.055653, 4874.309688
[2][86] = 495.933746, 4678.465673, 17.936646, 6.000000, -18.803254, 4936.108314
[2][87] = 503.408324, 4749.581538, 17.583618, 6.000000, -18.542245, 5004.206840
[2][88] = 510.637134, 4818.359069, 16.107544, 6.000000, -18.296387, 5073.805375
[3][0] = 260.116857, 1815.596868, -2.776489, 8.000000, -40.942252, 2459.517388
[3][1] = 262.407922, 1831.898646, -2.919312, 8.000000, -40.691788, 2472.216271
[3][2] = 264.838419, 1849.192528, -2.859009, 8.000000, -40.428836, 2485.415122
[3][3] = 267.230168, 1866.210705, -2.967773, 8.000000, -40.172812, 2498.713977
[3][4] = 269.658558, 1883.489597, -2.785889, 8.000000, -39.915610, 2511.812861
[3][5] = 272.101124, 1900.869360, -2.842896, 8.000000, -39.659661, 2525.411715
[3][6] = 274.554999, 1918.329586, -2.700684, 8.000000, -39.405274, 2538.810598
[3][7] = 277.049711, 1936.080383, -2.637451, 8.000000, -39.149443, 2552.609459
[3][8] = 279.572597, 1954.031652, -2.695312, 8.000000, -38.893545, 2566.808300
[3][9] = 282.108780, 1972.077529, -2.674316, 8.000000, -38.639123, 2581.007154
[3][10] = 284.672695, 1990.320733, -2.587036, 8.000000, -38.384760, 2595.306013
[3][11] = 287.307554, 2009.068729, -2.345337, 8.000000, -38.126296, 2609.804868
[3][12] = 289.929541, 2027.725141, -2.180176, 8.000000, -37.872011, 2624.403728
[3][13] = 292.597030, 2046.705308, -2.132568, 8.000000, -37.616257, 2639.502563
[3][14] = 295.309920, 2066.008524, -2.018066, 8.000000, -37.359154, 2654.801396
[3][15] = 298.040267, 2085.435953, -1.993164, 8.000000, -37.103413, 2670.400219
[3][16] = 300.802339, 2105.089117, -1.887817, 8.000000, -36.847736, 2686.099049
[3][17] = 303.580931, 2124.859823, -1.635498, 8.000000, -36.593566, 2701.697899
[3][18] = 306.440077, 2145.203703, -1.434204, 8.000000, -36.335159, 2717.896720
[3][19] = 309.287744, 2165.465906, -1.360229, 8.000000, -36.080902, 2734.295540
[3][20] = 312.170735, 2185.979460, -1.369263, 8.000000, -35.826607, 2751.094346
[3][21] = 315.118817, 2206.956153, -0.951538, 8.000000, -35.569764, 2767.593187
[3][22] = 318.072410, 2227.972054, -0.719360, 8.000000, -35.315631, 2784.492015
[3][23] = 321.079502, 2249.368628, -0.450928, 8.000000, -35.060123, 2801.690836
[3][24] = 324.123536, 2271.028056, 0.027222, 8.000000, -34.804741, 2818.789678
[3][25] = 327.224322, 2293.091291, 0.437744, 8.000000, -34.547922, 2836.388501
[3][26] = 330.332275, 2315.205528, 0.673096, 8.000000, -34.293822, 2854.387313
[3][27] = 333.480098, 2337.603453, 1.013184, 8.000000, -34.039788, 2872.486132
[3][28] = 336.723382, 2360.680615, 1.251831, 8.000000, -33.781491, 2891.384916
[3][29] = 339.975697, 2383.822038, 1.328369, 8.000000, -33.525925, 2910.683689
[3][30] = 343.254810, 2407.154143, 1.249023, 8.000000, -33.271690, 2930.482448
[3][31] = 346.576129, 2430.786558, 1.503784, 8.000000, -33.017641, 2949.981242
[3][32] = 349.983569, 2455.031752, 1.309814, 8.000000, -32.760558, 2970.879967
[3][33] = 353.417737, 2479.467129, 1.398193, 8.000000, -32.505037, 2991.478728
[3][34] = 356.882618, 2504.121032, 1.242920, 8.000000, -32.250804, 3012.777464
[3][35] = 360.431555, 2529.373036, 1.656616, 8.000000, -31.994059, 3033.576248
[3][36] = 363.993773, 2554.719532, 1.823120, 8.000000, -31.740005, 3054.975013
[3][37] = 367.604578, 2580.411744, 2.382568, 8.000000, -31.486149, 3075.973818
[3][38] = 371.289117, 2606.628601, 2.836182, 8.000000, -31.230842, 3097.672601
[3][39] = 375.027859, 2633.231135, 3.331909, 8.000000, -30.975558, 3119.671383
[3][40] = 378.950175, 2661.139863, 3.611816, 8.000000, -30.711752, 3143.270097
[3][41] = 382.785890, 2688.432391, 3.649414, 8.000000, -30.457666, 3166.868829
[3][42] = 386.743331, 2716.591051, 3.895752, 8.000000, -30.199472, 3190.867559
[3][43] = 390.694184, 2744.702826, 4.449097, 8.000000, -29.945636, 3214.266339
[3][44] = 394.710333, 2773.279210, 4.433716, 8.000000, -29.691545, 3239.265056
[3][45] = 398.785996, 2802.279062, 4.877441, 8.000000, -29.437667, 3263.763817
[3][46] = 402.972471, 2832.067382, 5.293091, 8.000000, -29.180973, 3289.062556
[3][47] = 407.180116, 2862.006331, 5.652466, 8.000000, -28.927064, 3314.661301
[3][48] = 411.458204, 2892.446505, 5.673462, 8.000000, -28.673014, 3341.460007
[3][49] = 415.849036, 2923.688899, 6.443359, 8.000000, -28.416482, 3367.458772
[3][50] = 420.291096, 2955.295798, 6.865479, 8.000000, -28.161208, 3394.557504
[3][51] = 424.758247, 2987.081233, 7.198853, 8.000000, -27.908706, 3422.056239
[3][52] = 429.375282, 3019.933139, 7.718994, 8.000000, -27.652074, 3450.154966
[3][53] = 434.048065, 3053.181717, 7.964600, 8.000000, -27.396736, 3479.253670
[3][54] = 438.773080, 3086.801946, 8.525391, 8.000000, -27.142933, 3508.052408
[3][55] = 443.609469, 3121.214646, 8.795044, 8.000000, -26.887611, 3538.251108
[3][56] = 448.554873, 3156.403022, 9.582520, 8.000000, -26.631094, 3568.049846
[3][57] = 453.537999, 3191.859807, 9.828003, 8.000000, -26.377172, 3599.348542
[3][58] = 458.612134, 3227.964153, 9.916504, 8.000000, -26.123194, 3631.647221
[3][59] = 463.832250, 3265.107206, 10.530396, 8.000000, -25.866613, 3663.745931
[3][60] = 469.121713, 3302.743691, 10.968018, 8.000000, -25.611371, 3696.744629
[3][61] = 474.478141, 3340.856660, 11.699219, 8.000000, -25.357643, 3729.543357
[3][62] = 479.966135, 3379.905766, 12.425903, 8.000000, -25.102509, 3763.242073
[3][63] = 485.622510, 3420.152961, 13.039307, 8.000000, -24.844527, 3798.340760
[3][64] = 491.326760, 3460.740815, 13.635010, 8.000000, -24.589345, 3833.839457
[3][65] = 497.115223, 3501.927867, 13.692261, 8.000000, -24.335376, 3871.238109
[3][66] = 503.079631, 3544.366834, 14.286377, 8.000000, -24.078794, 3908.536791
[3][67] = 509.170887, 3587.708377, 14.143066, 8.000000, -23.821957, 3948.535406
[3][68] = 515.315876, 3631.432239, 14.293945, 8.000000, -23.568033, 3988.234058
[3][69] = 521.617291, 3676.269138, 14.995850, 8.000000, -23.312896, 4027.632746
[3][70] = 528.049330, 3722.035474, 15.813965, 8.000000, -23.057797, 4067.631441
[3][71] = 534.619251, 3768.782890, 16.415039, 8.000000, -22.802624, 4109.130114
[3][72] = 541.557138, 3818.148525, 16.618530, 8.000000, -22.538904, 4154.128704
[3][73] = 548.190375, 3865.346454, 17.114380, 8.000000, -22.292118, 4196.427407
[3][74] = 555.200930, 3915.229147, 17.285400, 8.000000, -22.036811, 4242.126034
[3][75] = 562.325908, 3965.925999, 17.652222, 8.000000, -21.782971, 4288.124682
[3][76] = 569.654242, 4018.069808, 17.690552, 8.000000, -21.527629, 4336.423293
[3][77] = 577.444788, 4073.502423, 17.381714, 8.000000, -21.262365, 4388.821821
[3][78] = 585.074909, 4127.793551, 17.770996, 8.000000, -21.008541, 4438.320463
[3][79] = 592.889311, 4183.395911, 17.481445, 8.000000, -20.754518, 4491.019049
[3][80] = 600.969259, 4240.887733, 18.127930, 8.000000, -20.497968, 4542.917689
[3][81] = 609.201411, 4299.462534, 18.552856, 8.000000, -20.242757, 4596.516317
[3][82] = 617.547394, 4358.847293, 18.300537, 8.000000, -19.990160, 4652.914907
[3][83] = 626.136567, 4419.962434, 19.038574, 8.000000, -19.736443, 4708.113560
[3][84] = 634.997013, 4483.007784, 19.026855, 8.000000, -19.481115, 4767.412147
[3][85] = 644.093738, 4547.734345, 17.953857, 8.000000, -19.225504, 4831.610657
[3][86] = 653.313045, 4613.333119, 17.791260, 8.000000, -18.972954, 4894.009246
[3][87] = 662.928236, 4681.748761, 17.939819, 8.000000, -18.716282, 4958.207831
[3][88] = 672.711644, 4751.361324, 16.099487, 8.000000, -18.461905, 5029.906294
[4][0] = 325.947742, 1816.198937, -2.871460, 10.000000, -40.776212, 2467.916648
[4][1] = 329.003121, 1833.526855, -2.886963, 10.000000, -40.510384, 2481.315478
[4][2] = 331.877804, 1849.829990, -2.865601, 10.000000, -40.262886, 2493.914389
[4][3] = 334.879618, 1866.854127, -2.646484, 10.000000, -40.007110, 2506.813286
[4][4] = 337.914480, 1884.065686, -2.559937, 10.000000, -39.751254, 2520.112160
[4][5] = 341.083379, 1902.037404, -2.445068, 10.000000, -39.486999, 2534.010996
[4][6] = 344.065393, 1918.949246, -2.383057, 10.000000, -39.241000, 2547.209903
[4][7] = 347.323427, 1937.426474, -2.583374, 10.000000, -38.975156, 2562.108682
[4][8] = 350.478111, 1955.317575, -2.725464, 10.000000, -38.720619, 2576.507516
[4][9] = 353.700753, 1973.594089, -2.581665, 10.000000, -38.463478, 2590.806371
[4][10] = 356.923748, 1991.872600, -2.406616, 10.000000, -38.209182, 2605.105238
[4][11] = 360.183569, 2010.359961, -2.283813, 10.000000, -37.954865, 2619.704094
[4][12] = 363.517257, 2029.266246, -2.169556, 10.000000, -37.697745, 2634.702932
[4][13] = 366.868968, 2048.274743, -1.792358, 10.000000, -37.442211, 2649.401806
[4][14] = 370.261195, 2067.513022, -1.577759, 10.000000, -37.186583, 2664.600655
[4][15] = 373.695711, 2086.991130, -1.637451, 10.000000, -36.930796, 2680.499465
[4][16] = 377.053844, 2106.036046, -1.458008, 10.000000, -36.683601, 2695.698340
[4][17] = 380.587645, 2126.077229, -1.361206, 10.000000, -36.426530, 2711.897155
[4][18] = 384.144548, 2146.249427, -1.229126, 10.000000, -36.170898, 2728.195977
[4][19] = 387.862953, 2167.337551, -0.918579, 10.000000, -35.906953, 2744.994778
[4][20] = 391.510677, 2188.024820, -0.945923, 10.000000, -35.651248, 2762.093572
[4][21] = 395.201655, 2208.957400, -0.707886, 10.000000, -35.395710, 2778.992395
[4][22] = 398.940230, 2230.159909, -0.600220, 10.000000, -35.140106, 2796.391198
[4][23] = 402.742667, 2251.724603, 0.053223, 10.000000, -34.883417, 2813.190056
[4][24] = 406.554295, 2273.341420, 0.413818, 10.000000, -34.629377, 2830.588887
[4][25] = 410.416578, 2295.245513, 0.598022, 10.000000, -34.375246, 2848.587694
[4][26] = 414.372680, 2317.681683, 0.781128, 10.000000, -34.118314, 2867.086483
[4][27] = 418.379486, 2340.405408, 1.184448, 10.000000, -33.861510, 2885.485294
[4][28] = 422.374947, 2363.064794, 1.362427, 10.000000, -33.608804, 2904.284094
[4][29] = 426.469311, 2386.285088, 1.500366, 10.000000, -33.353276, 2923.682873
[4][30] = 430.642210, 2409.950772, 1.655762, 10.000000, -33.096362, 2943.481643
[4][31] = 434.828004, 2433.689587, 1.603638, 10.000000, -32.842157, 2963.780398
[4][32] = 439.073655, 2457.767874, 1.308472, 10.000000, -32.587838, 2984.879123
[4][33] = 443.400272, 2482.305338, 1.259155, 10.000000, -32.332253, 3005.977866
[4][34] = 447.786066, 2507.178414, 1.447998, 10.000000, -32.076797, 3026.976632
[4][35] = 452.209776, 2532.266519, 1.657715, 10.000000, -31.822762, 3048.175403
[4][36] = 456.698083, 2557.720973, 1.747070, 10.000000, -31.568675, 3069.974158
[4][37] = 461.324654, 2583.959559, 2.167114, 10.000000, -31.310545, 3091.872924
[4][38] = 465.918252, 2610.011150, 2.477661, 10.000000, -31.057982, 3113.871703
[4][39] = 470.605981, 2636.596580, 2.744995, 10.000000, -30.803999, 3136.470465
[4][40] = 475.389314, 2663.724211, 3.127441, 10.000000, -30.548673, 3159.369230
[4][41] = 480.248807, 2691.283765, 3.120605, 10.000000, -30.293170, 3183.467949
[4][42] = 485.367699, 2720.314445, 3.840820, 10.000000, -30.028182, 3207.466692
[4][43] = 490.325735, 2748.432862, 3.837646, 10.000000, -29.775501, 3232.165418
[4][44] = 495.411266, 2777.274342, 4.474854, 10.000000, -29.520307, 3256.264194
[4][45] = 500.553509, 2806.437453, 4.587524, 10.000000, -29.266286, 3281.762918
[4][46] = 505.803212, 2836.209999, 5.087891, 10.000000, -29.011037, 3307.061672
[4][47] = 511.137996, 2866.465062, 5.576904, 10.000000, -28.755786, 3332.860420
[4][48] = 516.533264, 2897.063146, 5.709717, 10.000000, -28.501788, 3359.759136
[4][49] = 522.014628, 2928.149506, 6.124390, 10.000000, -28.247916, 3386.557876
[4][50] = 527.617432, 2959.924588, 6.617065, 10.000000, -27.992676, 3413.856614
[4][51] = 533.347806, 2992.423152, 6.968628, 10.000000, -27.735976, 3442.155326
[4][52] = 539.112190, 3025.114598, 7.333008, 10.000000, -27.482091, 3470.654051
[4][53] = 544.976152, 3058.370778, 7.633911, 10.000000, -27.228184, 3499.852765
[4][54] = 551.007952, 3092.578819, 7.986206, 10.000000, -26.971495, 3529.851467
[4][55] = 557.078442, 3127.006278, 8.407837, 10.000000, -26.717643, 3559.950186
[4][56] = 563.292905, 3162.250246, 8.647095, 10.000000, -26.462319, 3591.248877
[4][57] = 569.827556, 3199.310096, 9.153564, 10.000000, -26.198681, 3623.647546
[4][58] = 576.056153, 3234.634225, 9.694702, 10.000000, -25.951899, 3654.446303
[4][59] = 582.580126, 3271.633515, 10.004883, 10.000000, -25.698014, 3687.344997
[4][60] = 589.521079, 3310.997613, 10.406494, 10.000000, -25.432940, 3722.243638
[4][61] = 596.141646, 3348.544716, 11.106689, 10.000000, -25.184818, 3754.842391
[4][62] = 603.040236, 3387.668565, 11.713989, 10.000000, -24.931048, 3789.141102
[4][63] = 610.073047, 3427.553615, 12.172363, 10.000000, -24.677225, 3824.539796
[4][64] = 617.320013, 3468.653202, 12.906494, 10.000000, -24.420695, 3860.438496
[4][65] = 624.710147, 3510.564733, 13.757935, 10.000000, -24.164205, 3896.837202
[4][66] = 632.208061, 3553.087519, 14.567993, 10.000000, -23.909103, 3933.935908
[4][67] = 640.073839, 3597.696565, 15.080688, 10.000000, -23.646881, 3973.734547
[4][68] = 647.673070, 3640.793941, 15.458374, 10.000000, -23.398645, 4012.533246
[4][69] = 655.917204, 3687.548753, 15.457397, 10.000000, -23.134851, 4055.731827
[4][70] = 664.021571, 3733.510898, 15.670166, 10.000000, -22.880954, 4097.730476
[4][71] = 672.388844, 3780.964064, 16.018066, 10.000000, -22.624298, 4140.829117
[4][72] = 680.847738, 3828.936837, 15.964355, 10.000000, -22.370322, 4185.527739
[4][73] = 689.488417, 3877.940562, 16.115479, 10.000000, -22.116415, 4230.726374
[4][74] = 698.368275, 3928.300736, 16.317993, 10.000000, -21.861125, 4277.125003
[4][75] = 707.547754, 3980.360148, 16.579102, 10.000000, -21.603050, 4325.023618
[4][76] = 716.784407, 4032.743813, 16.757324, 10.000000, -21.349161, 4373.522248
[4][77] = 726.183479, 4086.048598, 16.625000, 10.000000, -21.096585, 4423.820858
[4][78] = 735.952172, 4141.449611, 17.332642, 10.000000, -20.840055, 4473.819507
[4][79] = 745.961848, 4198.217305, 17.311035, 10.000000, -20.583310, 4527.218097
[4][80] = 756.100225, 4255.714897, 17.247070, 10.000000, -20.329363, 4581.516698
[4][81] = 766.483109, 4314.599155, 17.251953, 10.000000, -20.075440, 4637.015301
[4][82] = 777.182694, 4375.279522, 17.048462, 10.000000, -19.820060, 4694.913879
[4][83] = 788.088144, 4437.127397, 16.915894, 10.000000, -19.566109, 4753.812468
[4][84] = 799.210783, 4500.207020, 16.409180, 10.000000, -19.313463, 4815.111036
[4][85] = 810.869095, 4566.324591, 16.234009, 10.000000, -19.055303, 4878.409595
[4][86] = 822.634598, 4633.050076, 16.313232, 10.000000, -18.801424, 4941.608194
[4][87] = 835.053465, 4703.480970, 15.985352, 10.000000, -18.540429, 5009.706723
[4][88] = 846.987134, 4771.160173, 15.124023, 10.000000, -18.296136, 5077.005308
[5][0] = 387.601318, 1793.111572, -2.648560, 12.000000, -40.942348, 2459.317405
[5][1] = 391.042183, 1809.299569, -2.683228, 12.000000, -40.690556, 2471.916297
[5][2] = 394.671413, 1826.373752, -2.433716, 12.000000, -40.427740, 2484.815174
[5][3] = 398.227335, 1843.103052, -2.779053, 12.000000, -40.172948, 2498.414003
[5][4] = 401.873978, 1860.259159, -2.489136, 12.000000, -39.914415, 2511.412895
[5][5] = 405.503489, 1877.334662, -2.593506, 12.000000, -39.659836, 2525.011748
[5][6] = 409.171238, 1894.590065, -2.638794, 12.000000, -39.405317, 2538.710606
[5][7] = 412.897489, 1912.120701, -2.514038, 12.000000, -39.149527, 2552.409475
[5][8] = 416.663990, 1929.840691, -2.327271, 12.000000, -38.893794, 2566.208349
[5][9] = 420.475849, 1947.774080, -2.503906, 12.000000, -38.637831, 2580.807170
[5][10] = 424.306338, 1965.795114, -2.416992, 12.000000, -38.383467, 2595.106029
[5][11] = 428.218757, 1984.201596, -1.923096, 12.000000, -38.126573, 2609.104923
[5][12] = 432.138195, 2002.641106, -2.000122, 12.000000, -37.872127, 2624.103752
[5][13] = 436.121989, 2021.383381, -1.834473, 12.000000, -37.616448, 2639.002601
[5][14] = 440.174812, 2040.450413, -1.721436, 12.000000, -37.359342, 2654.301434
[5][15] = 444.250162, 2059.623426, -1.344849, 12.000000, -37.103819, 2669.300302
[5][16] = 448.376477, 2079.036212, -1.243042, 12.000000, -36.848135, 2684.999130
[5][17] = 452.528639, 2098.570601, -1.111206, 12.000000, -36.593886, 2700.797965
[5][18] = 456.800548, 2118.668352, -0.970703, 12.000000, -36.335439, 2717.096778
[5][19] = 461.054143, 2138.679942, -0.841919, 12.000000, -36.081212, 2733.395604
[5][20] = 465.362246, 2158.947975, -0.968872, 12.000000, -35.826844, 2750.394395
[5][21] = 469.769294, 2179.681504, -0.837769, 12.000000, -35.569831, 2767.393201
[5][22] = 474.182262, 2200.442889, -0.662964, 12.000000, -35.315664, 2784.392022
[5][23] = 478.700017, 2221.697254, -0.451904, 12.000000, -35.058717, 2801.790829
[5][24] = 483.225481, 2242.987889, -0.251587, 12.000000, -34.804583, 2819.289645
[5][25] = 487.860006, 2264.791611, -0.061279, 12.000000, -34.547643, 2837.288441
[5][26] = 492.504096, 2286.640341, 0.067017, 12.000000, -34.293487, 2855.487240
[5][27] = 497.209412, 2308.777111, 0.137573, 12.000000, -34.039309, 2874.086029
[5][28] = 502.053982, 2331.569021, 0.436523, 12.000000, -33.781050, 2892.884820
[5][29] = 506.911495, 2354.421824, 0.626221, 12.000000, -33.525550, 2911.983607
[5][30] = 511.807952, 2377.457843, 0.766235, 12.000000, -33.271435, 2931.382392
[5][31] = 516.799418, 2400.940840, 0.817139, 12.000000, -33.015878, 2951.381156
[5][32] = 521.859504, 2424.746674, 0.886353, 12.000000, -32.760340, 2971.679919
[5][33] = 526.989813, 2448.882882, 0.977783, 12.000000, -32.504822, 2992.278680
[5][34] = 532.165462, 2473.232395, 0.877441, 12.000000, -32.250620, 3013.477423
[5][35] = 537.469383, 2498.185381, 1.086670, 12.000000, -31.993775, 3034.676184
[5][36] = 542.794730, 2523.239169, 0.897095, 12.000000, -31.739548, 3056.774910
[5][37] = 548.218832, 2548.757565, 1.474854, 12.000000, -31.484302, 3077.873711
[5][38] = 553.697482, 2574.532585, 1.517578, 12.000000, -31.230205, 3100.272456
[5][39] = 559.312511, 2600.949218, 2.137451, 12.000000, -30.973583, 3122.171246
[5][40] = 564.954202, 2627.491290, 2.273804, 12.000000, -30.719543, 3145.169994
[5][41] = 570.870862, 2655.326987, 2.509155, 12.000000, -30.457133, 3169.168706
[5][42] = 576.525771, 2681.931242, 2.579468, 12.000000, -30.210095, 3192.467475
[5][43] = 582.686081, 2710.913219, 3.228394, 12.000000, -29.945079, 3216.766210
[5][44] = 588.681623, 2739.120027, 3.609863, 12.000000, -29.691173, 3240.964969
[5][45] = 594.807600, 2767.940485, 3.743652, 12.000000, -29.435758, 3266.263691
[5][46] = 601.025985, 2797.195685, 4.339111, 12.000000, -29.180552, 3291.062458
[5][47] = 607.346570, 2826.931699, 4.728271, 12.000000, -28.925257, 3316.761199
[5][48] = 613.699730, 2856.820968, 5.016235, 12.000000, -28.672730, 3342.859940
[5][49] = 620.264326, 2887.704965, 5.326050, 12.000000, -28.416006, 3369.858659
[5][50] = 626.899294, 2918.920034, 5.849609, 12.000000, -28.160779, 3396.757402
[5][51] = 633.575821, 2950.330623, 5.916382, 12.000000, -27.908171, 3424.856111
[5][52] = 640.473202, 2982.780248, 6.447632, 12.000000, -27.651550, 3452.954840
[5][53] = 647.493247, 3015.806967, 6.642944, 12.000000, -27.394794, 3482.353533
[5][54] = 654.556628, 3049.037563, 6.859497, 12.000000, -27.140858, 3511.952239
[5][55] = 661.742154, 3082.842803, 7.157837, 12.000000, -26.886959, 3541.950950
[5][56] = 669.134096, 3117.619154, 7.608765, 12.000000, -26.630317, 3572.549657
[5][57] = 676.577857, 3152.639299, 7.915283, 12.000000, -26.376428, 3603.748361
[5][58] = 684.157577, 3188.299074, 8.063721, 12.000000, -26.122482, 3635.947047
[5][59] = 691.958875, 3225.001296, 8.438354, 12.000000, -25.865819, 3668.645737
[5][60] = 699.862265, 3262.183822, 8.768677, 12.000000, -25.610545, 3701.944426
[5][61] = 707.909915, 3300.045039, 9.433228, 12.000000, -25.355399, 3735.143142
[5][62] = 716.113190, 3338.638414, 9.850830, 12.000000, -25.100161, 3769.641832
[5][63] = 724.517679, 3378.178429, 10.490112, 12.000000, -24.843603, 3804.540531
[5][64] = 733.042178, 3418.283043, 10.865967, 12.000000, -24.588354, 3840.639210
[5][65] = 741.685103, 3458.944805, 11.312866, 12.000000, -24.334535, 3877.137899
[5][66] = 750.645928, 3501.102174, 11.816650, 12.000000, -24.076528, 3914.936568
[5][67] = 759.686712, 3543.635717, 12.482910, 12.000000, -23.821384, 3952.735262
[5][68] = 768.857944, 3586.782973, 13.354858, 12.000000, -23.567713, 3990.633977
[5][69] = 778.275536, 3631.089262, 13.756470, 12.000000, -23.312479, 4030.832641
[5][70] = 787.889710, 3676.320392, 14.165649, 12.000000, -23.057249, 4071.931302
[5][71] = 797.712254, 3722.531829, 14.177124, 12.000000, -22.801890, 4115.029927
[5][72] = 807.632166, 3769.201345, 14.306519, 12.000000, -22.549380, 4158.328574
[5][73] = 817.990454, 3817.933257, 14.589722, 12.000000, -22.291311, 4203.227201
[5][74] = 828.460136, 3867.189238, 15.045166, 12.000000, -22.036104, 4248.225853
[5][75] = 839.052127, 3917.020641, 14.868896, 12.000000, -21.783508, 4295.524467
[5][76] = 850.053339, 3968.777274, 15.391846, 12.000000, -21.526923, 4342.823112
[5][77] = 861.252122, 4021.463405, 15.381714, 12.000000, -21.271581, 4392.521719
[5][78] = 873.148818, 4077.432958, 15.905151, 12.000000, -21.006581, 4443.920311
[5][79] = 884.754180, 4132.031894, 15.989868, 12.000000, -20.754079, 4495.318935
[5][80] = 896.355960, 4186.613978, 16.762451, 12.000000, -20.507392, 4544.817640
[5][81] = 909.124292, 4246.684256, 16.994873, 12.000000, -20.242310, 4601.116200
[5][82] = 921.590944, 4305.335242, 16.861816, 12.000000, -19.989754, 4657.214801
[5][83] = 934.503484, 4366.083969, 16.963379, 12.000000, -19.734462, 4714.713401
[5][84] = 947.673531, 4428.044167, 16.610962, 12.000000, -19.480453, 4774.811973
[5][85] = 961.251375, 4491.922902, 16.374390, 12.000000, -19.225078, 4836.510545
[5][86] = 975.025041, 4556.722904, 16.168091, 12.000000, -18.972522, 4899.109132
[5][87] = 989.395714, 4624.331608, 15.898193, 12.000000, -18.715748, 4964.707690
[5][88] = 1003.987424, 4692.980202, 15.665405, 12.000000, -18.461794, 5031.306265
[6][0] = 453.332495, 1789.195767, -2.443970, 14.000000, -40.775122, 2467.316700
[6][1] = 457.408853, 1805.545144, -2.505737, 14.000000, -40.520508, 2480.215573
[6][2] = 461.570057, 1822.234821, -2.297485, 14.000000, -40.263297, 2493.014466
[6][3] = 465.755098, 1839.020105, -2.332520, 14.000000, -40.007334, 2506.313328
[6][4] = 469.982476, 1855.975191, -2.185303, 14.000000, -39.751519, 2519.512211
[6][5] = 474.231492, 1873.017064, -2.027710, 14.000000, -39.497132, 2532.811096
[6][6] = 478.551815, 1890.344934, -2.012207, 14.000000, -39.241256, 2546.609952
[6][7] = 483.090130, 1908.547121, -2.153320, 14.000000, -38.975449, 2561.408739
[6][8] = 487.479464, 1926.151779, -1.808960, 14.000000, -38.721236, 2575.007637
[6][9] = 491.969226, 1944.159228, -1.670166, 14.000000, -38.464084, 2589.306490
[6][10] = 496.458768, 1962.165800, -1.439819, 14.000000, -38.209819, 2603.505364
[6][11] = 501.028502, 1980.494002, -1.573364, 14.000000, -37.953922, 2618.604180
[6][12] = 505.645493, 1999.011740, -1.273560, 14.000000, -37.698322, 2633.203048
[6][13] = 510.319227, 2017.757064, -1.257812, 14.000000, -37.442551, 2648.501875
[6][14] = 515.046601, 2036.717525, -1.164307, 14.000000, -37.186843, 2663.900708
[6][15] = 519.829443, 2055.900456, -1.050415, 14.000000, -36.931160, 2679.499539
[6][16] = 524.536128, 2074.777939, -0.997559, 14.000000, -36.682478, 2694.998391
[6][17] = 529.436603, 2094.432672, -1.245239, 14.000000, -36.426601, 2711.697170
[6][18] = 534.388612, 2114.294093, -0.825317, 14.000000, -36.171140, 2727.496027
[6][19] = 539.600175, 2135.196531, -0.807861, 14.000000, -35.905614, 2744.894785
[6][20] = 544.653625, 2155.464813, -0.775146, 14.000000, -35.651349, 2761.793593
[6][21] = 549.792478, 2176.075625, -0.254883, 14.000000, -35.395973, 2778.192450
[6][22] = 555.000984, 2196.965804, -0.150146, 14.000000, -35.140364, 2795.591252
[6][23] = 560.305051, 2218.239252, -0.058716, 14.000000, -34.883354, 2813.390042
[6][24] = 565.619236, 2239.553287, -0.030762, 14.000000, -34.629128, 2831.388834
[6][25] = 571.003301, 2261.147590, -0.119507, 14.000000, -34.374848, 2849.887608
[6][26] = 576.508948, 2283.229536, 0.561646, 14.000000, -34.118193, 2867.486457
[6][27] = 582.098872, 2305.649494, 0.312622, 14.000000, -33.861037, 2887.085191
[6][28] = 587.666480, 2327.979951, 0.388306, 14.000000, -33.608281, 2906.083980
[6][29] = 593.369303, 2350.852725, 0.640137, 14.000000, -33.352820, 2925.282773
[6][30] = 599.182188, 2374.166933, 0.855103, 14.000000, -33.095942, 2944.981550
[6][31] = 605.010501, 2397.543020, 1.073364, 14.000000, -32.841882, 2964.780338
[6][32] = 610.921602, 2421.251150, 1.097900, 14.000000, -32.587730, 2985.279099
[6][33] = 616.978783, 2445.545179, 1.372192, 14.000000, -32.330906, 3005.877872
[6][34] = 623.058219, 2469.928464, 1.343994, 14.000000, -32.076745, 3027.176620
[6][35] = 629.220581, 2494.644349, 1.606079, 14.000000, -31.822737, 3048.275398
[6][36] = 635.475431, 2519.731180, 1.542236, 14.000000, -31.568575, 3070.374135
[6][37] = 641.890205, 2545.459435, 1.595459, 14.000000, -31.311672, 3092.872868
[6][38] = 648.323786, 2571.263117, 2.023560, 14.000000, -31.057764, 3114.771653
[6][39] = 654.851507, 2597.444375, 2.544678, 14.000000, -30.803904, 3136.870444
[6][40] = 661.554073, 2624.326900, 2.794800, 14.000000, -30.547113, 3160.169187
[6][41] = 668.281337, 2651.308482, 3.268677, 14.000000, -30.293238, 3183.167964
[6][42] = 675.419537, 2679.938237, 3.449463, 14.000000, -30.028002, 3208.266650
[6][43] = 682.328735, 2707.649518, 3.303345, 14.000000, -29.775259, 3233.265362
[6][44] = 689.415550, 2736.073181, 3.800049, 14.000000, -29.520005, 3257.664123
[6][45] = 696.577747, 2764.799183, 4.061401, 14.000000, -29.266053, 3282.862863
[6][46] = 703.893269, 2794.140142, 4.423584, 14.000000, -29.010746, 3308.461603
[6][47] = 711.323725, 2823.942071, 5.059082, 14.000000, -28.755562, 3333.960367
[6][48] = 718.837261, 2854.077217, 5.429565, 14.000000, -28.501669, 3360.359107
[6][49] = 726.477302, 2884.719751, 5.568726, 14.000000, -28.247681, 3387.757820
[6][50] = 734.284733, 2916.033645, 5.928345, 14.000000, -27.992387, 3415.356545
[6][51] = 742.268696, 2948.055573, 6.239990, 14.000000, -27.735674, 3443.755254
[6][52] = 750.300628, 2980.269891, 6.520264, 14.000000, -27.481759, 3472.453971
[6][53] = 758.477734, 3013.066473, 6.245972, 14.000000, -27.227624, 3502.952630
[6][54] = 766.876927, 3046.753794, 6.921265, 14.000000, -26.971069, 3532.251364
[6][55] = 775.336462, 3080.683137, 7.176147, 14.000000, -26.717157, 3562.750068
[6][56] = 783.993651, 3115.405224, 7.469849, 14.000000, -26.461859, 3593.948766
[6][57] = 793.102145, 3151.937400, 7.641602, 14.000000, -26.198099, 3627.147404
[6][58] = 801.783656, 3186.757038, 7.896118, 14.000000, -25.951214, 3658.646135
[6][59] = 810.874339, 3223.217778, 8.095459, 14.000000, -25.697295, 3691.844821
[6][60] = 820.493055, 3261.796338, 8.476685, 14.000000, -25.433626, 3726.643468
[6][61] = 829.767755, 3298.995130, 9.232544, 14.000000, -25.184129, 3759.342220
[6][62] = 839.380915, 3337.551409, 9.692749, 14.000000, -24.930314, 3794.040920
[6][63] = 849.181051, 3376.857607, 10.006958, 14.000000, -24.676448, 3829.839602
[6][64] = 859.279545, 3417.360454, 10.600220, 14.000000, -24.419877, 3866.138292
[6][65] = 869.582040, 3458.681506, 10.993652, 14.000000, -24.163236, 3903.736960
[6][66] = 880.031830, 3500.593322, 11.553589, 14.000000, -23.908059, 3941.535646
[6][67] = 891.047552, 3544.774972, 12.223999, 14.000000, -23.644500, 3981.234294
[6][68] = 901.565204, 3586.958967, 13.320679, 14.000000, -23.397923, 4018.033064
[6][69] = 913.044980, 3633.001835, 13.727051, 14.000000, -23.134274, 4060.231681
[6][70] = 924.336261, 3678.288691, 13.919556, 14.000000, -22.880378, 4102.330329
[6][71] = 935.994942, 3725.049106, 14.173096, 14.000000, -22.623699, 4145.728965
[6][72] = 947.775649, 3772.298941, 14.399902, 14.000000, -22.369820, 4189.727610
[6][73] = 959.816340, 3820.591516, 14.383545, 14.000000, -22.115867, 4235.426234
[6][74] = 972.246948, 3870.447960, 15.210571, 14.000000, -21.859376, 4280.424906
[6][75] = 984.477731, 3919.502950, 15.291382, 14.000000, -21.612474, 4326.723570
[6][76] = 997.839751, 3973.095085, 15.367554, 14.000000, -21.348739, 4377.422139
[6][77] = 1010.929244, 4025.594174, 15.567993, 14.000000, -21.096269, 4426.820776
[6][78] = 1024.614624, 4080.483237, 16.249023, 14.000000, -20.838331, 4477.219416
[6][79] = 1038.479451, 4136.092022, 16.553955, 14.000000, -20.583089, 4529.418040
[6][80] = 1052.602830, 4192.737801, 16.566895, 14.000000, -20.329167, 4583.516647
[6][81] = 1067.065210, 4250.743238, 16.747803, 14.000000, -20.075297, 4638.515264
[6][82] = 1081.962798, 4310.494198, 17.081665, 14.000000, -19.820069, 4694.813881
[6][83] = 1097.150507, 4371.408774, 17.276489, 14.000000, -19.566208, 4752.712494
[6][84] = 1112.727214, 4433.883534, 17.133057, 14.000000, -19.312257, 4813.211080
[6][85] = 1128.881269, 4498.673907, 17.001099, 14.000000, -19.055508, 4876.009649
[6][86] = 1145.277558, 4564.435833, 16.786499, 14.000000, -18.801548, 4940.108227
[6][87] = 1162.577041, 4633.820269, 16.576782, 14.000000, -18.540582, 5007.806763
[6][88] = 1179.193561, 4700.465491, 16.230591, 14.000000, -18.296418, 5073.405383
[7][0] = 513.202003, 1761.773249, -2.200684, 16.000000, -40.942683, 2458.617467
[7][1] = 517.764603, 1777.684925, -2.301514, 16.000000, -40.690838, 2471.316350
[7][2] = 522.579463, 1794.476338, -2.307129, 16.000000, -40.427832, 2484.615192
[7][3] = 527.286957, 1810.893322, -2.148926, 16.000000, -40.173402, 2497.414089
[7][4] = 532.124877, 1827.765154, -2.113159, 16.000000, -39.914683, 2510.812946
[7][5] = 536.930870, 1844.525643, -1.783325, 16.000000, -39.660406, 2523.711858
[7][6] = 541.797575, 1861.497859, -2.142700, 16.000000, -39.405662, 2537.910672
[7][7] = 546.735196, 1878.717391, -1.835815, 16.000000, -39.149994, 2551.309566
[7][8] = 551.727841, 1896.128813, -1.591431, 16.000000, -38.894294, 2565.008446
[7][9] = 556.779823, 1913.747169, -1.649902, 16.000000, -38.638404, 2579.407283
[7][10] = 561.859750, 1931.462979, -1.689087, 16.000000, -38.383950, 2593.906124
[7][11] = 567.047464, 1949.554686, -1.259644, 16.000000, -38.127008, 2608.005010
[7][12] = 572.246879, 1967.687204, -1.580322, 16.000000, -37.872399, 2623.403806
[7][13] = 577.526806, 1986.100497, -1.297852, 16.000000, -37.616792, 2638.102670
[7][14] = 582.900636, 2004.841268, -1.247070, 16.000000, -37.359642, 2653.501494
[7][15] = 588.308245, 2023.699844, -1.226929, 16.000000, -37.103893, 2669.100317
[7][16] = 593.779466, 2042.780258, -1.184570, 16.000000, -36.848171, 2684.899138
[7][17] = 599.314856, 2062.084458, -1.059204, 16.000000, -36.592513, 2700.797965
[7][18] = 604.947623, 2081.728250, -0.912964, 16.000000, -36.335474, 2716.996785
[7][19] = 610.589104, 2101.402432, -0.957275, 16.000000, -36.081143, 2733.595590
[7][20] = 616.297474, 2121.309884, -0.854492, 16.000000, -35.826911, 2750.194409
[7][21] = 622.136289, 2141.672250, -0.439697, 16.000000, -35.570064, 2766.693250
[7][22] = 628.020098, 2162.191532, -0.325928, 16.000000, -35.314454, 2783.892056
[7][23] = 633.975426, 2182.960229, -0.002930, 16.000000, -35.058974, 2800.990884
[7][24] = 639.981801, 2203.906949, -0.307373, 16.000000, -34.804552, 2819.389638
[7][25] = 646.124492, 2225.329056, -0.005737, 16.000000, -34.547674, 2837.188448
[7][26] = 652.282106, 2246.803209, 0.067017, 16.000000, -34.293487, 2855.487240
[7][27] = 658.520882, 2268.560406, 0.082642, 16.000000, -34.039279, 2874.186022
[7][28] = 664.943530, 2290.958844, 0.381836, 16.000000, -33.781021, 2892.984813
[7][29] = 671.390658, 2313.442648, 0.032104, 16.000000, -33.525232, 2913.083538
[7][30] = 677.882063, 2336.080869, 0.176147, 16.000000, -33.271123, 2932.482324
[7][31] = 684.498699, 2359.155819, 0.284180, 16.000000, -33.015600, 2952.381095
[7][32] = 691.203427, 2382.537987, 0.621826, 16.000000, -32.760203, 2972.179889
[7][33] = 698.007037, 2406.264995, 0.557373, 16.000000, -32.504607, 2993.078632
[7][34] = 704.866441, 2430.186579, 0.616699, 16.000000, -32.250488, 3013.977394
[7][35] = 711.895208, 2454.698803, 1.034790, 16.000000, -31.993749, 3034.776178
[7][36] = 718.944592, 2479.282925, 1.617310, 16.000000, -31.739903, 3055.374990
[7][37] = 726.140544, 2504.378192, 1.832275, 16.000000, -31.484477, 3077.173750
[7][38] = 733.401728, 2529.700952, 2.024780, 16.000000, -31.230450, 3099.272511
[7][39] = 740.850750, 2555.678779, 2.288330, 16.000000, -30.973655, 3121.871263
[7][40] = 748.328789, 2581.757800, 2.523682, 16.000000, -30.719661, 3144.670021
[7][41] = 756.176254, 2609.125163, 2.509155, 16.000000, -30.457133, 3169.168706
[7][42] = 763.671819, 2635.265304, 2.677734, 16.000000, -30.210140, 3192.267486
[7][43] = 771.847799, 2663.778334, 2.691162, 16.000000, -29.944834, 3217.866153
[7][44] = 779.798385, 2691.505324, 2.931519, 16.000000, -29.690867, 3242.364898
[7][45] = 787.919818, 2719.828126, 3.070557, 16.000000, -29.435458, 3267.663621
[7][46] = 796.168556, 2748.594893, 3.337402, 16.000000, -29.180110, 3293.162354
[7][47] = 804.545932, 2777.810276, 3.876587, 16.000000, -28.924886, 3318.561111
[7][48] = 812.967187, 2807.178681, 4.265137, 16.000000, -28.672406, 3344.459864
[7][49] = 821.714347, 2837.683654, 4.838379, 16.000000, -28.414394, 3371.058602
[7][50] = 830.465667, 2868.203134, 5.156982, 16.000000, -28.160487, 3398.257333
[7][51] = 839.314967, 2899.064309, 5.366821, 16.000000, -27.907942, 3426.056056
[7][52] = 848.463124, 2930.967725, 5.630249, 16.000000, -27.651214, 3454.754760
[7][53] = 857.718981, 2963.246735, 5.803467, 16.000000, -27.395856, 3484.053458
[7][54] = 867.138047, 2996.094920, 5.788086, 16.000000, -27.140428, 3514.352135
[7][55] = 876.663491, 3029.314092, 6.140137, 16.000000, -26.886555, 3544.250852
[7][56] = 886.461933, 3063.485322, 6.687744, 16.000000, -26.629956, 3574.649569
[7][57] = 896.335033, 3097.916911, 6.697998, 16.000000, -26.375956, 3606.548246
[7][58] = 906.380436, 3132.949396, 7.072754, 16.000000, -26.122102, 3638.246954
[7][59] = 916.720277, 3169.008705, 7.627319, 16.000000, -25.865511, 3670.545661
[7][60] = 927.196790, 3205.544650, 8.049438, 16.000000, -25.610276, 3703.644359
[7][61] = 937.873074, 3242.777277, 8.259766, 16.000000, -25.354964, 3737.943035
[7][62] = 948.743237, 3280.686041, 9.020508, 16.000000, -25.099858, 3771.641757
[7][63] = 959.891258, 3319.563810, 9.297729, 16.000000, -24.843172, 3807.440424
[7][64] = 971.189254, 3358.964602, 9.888672, 16.000000, -24.588005, 3843.039123
[7][65] = 982.652692, 3398.942363, 10.022339, 16.000000, -24.334080, 3880.337786
[7][66] = 994.531099, 3440.367291, 10.618896, 16.000000, -24.076111, 3917.936463
[7][67] = 1006.515521, 3482.161938, 11.376221, 16.000000, -23.821003, 3955.535166
[7][68] = 1018.680623, 3524.586691, 11.867798, 16.000000, -23.567208, 3994.433850
[7][69] = 1031.160730, 3568.109996, 12.594482, 16.000000, -23.312089, 4033.832542
[7][70] = 1043.903399, 3612.548963, 13.207520, 16.000000, -23.056931, 4074.431222
[7][71] = 1056.917201, 3657.933484, 13.721924, 16.000000, -22.801741, 4116.229889
[7][72] = 1070.070345, 3703.803949, 13.743408, 16.000000, -22.549198, 4159.828528
[7][73] = 1083.799560, 3751.683411, 14.218506, 16.000000, -22.291192, 4204.227170
[7][74] = 1097.680920, 3800.093468, 14.604614, 16.000000, -22.035965, 4249.425818
[7][75] = 1111.795270, 3849.316056, 14.819336, 16.000000, -21.782089, 4295.924456
[7][76] = 1126.308544, 3899.929855, 14.925049, 16.000000, -21.526780, 4344.123075
[7][77] = 1141.148282, 3951.682173, 15.310669, 16.000000, -21.271559, 4392.721713
[7][78] = 1156.922125, 4006.692099, 15.729736, 16.000000, -21.006529, 4444.420297
[7][79] = 1172.303438, 4060.333113, 16.059204, 16.000000, -20.754100, 4495.118941
[7][80] = 1187.779189, 4114.303471, 16.487427, 16.000000, -20.505909, 4545.917611
[7][81] = 1204.715766, 4173.368333, 16.353394, 16.000000, -20.240724, 4603.316145
[7][82] = 1221.155123, 4230.699184, 16.092041, 16.000000, -19.989537, 4659.514744
[7][83] = 1238.271302, 4290.390396, 16.335327, 16.000000, -19.734288, 4716.613355
[7][84] = 1255.817624, 4351.581690, 16.588257, 16.000000, -19.479044, 4775.211964
[7][85] = 1273.710969, 4413.983202, 16.857910, 16.000000, -19.225208, 4835.010579
[7][86] = 1291.958319, 4477.619275, 17.313843, 16.000000, -18.972827, 4895.509213
[7][87] = 1311.005863, 4544.045953, 17.248901, 16.000000, -18.716101, 4960.407784
[7][88] = 1330.469108, 4611.922357, 16.492798, 16.000000, -18.460604, 5029.006313
[8][0] = 578.495353, 1753.270258, -1.742676, 18.000000, -40.775643, 2466.216797
[8][1] = 583.699460, 1769.286851, -1.617554, 18.000000, -40.521160, 2478.815695
[8][2] = 589.014827, 1785.645871, -1.413940, 18.000000, -40.263938, 2491.614587
[8][3] = 594.360647, 1802.098613, -1.453491, 18.000000, -40.007964, 2504.913448
[8][4] = 599.762415, 1818.723545, -1.435913, 18.000000, -39.752049, 2518.312312
[8][5] = 605.189932, 1835.427724, -1.282349, 18.000000, -39.497653, 2531.611196
[8][6] = 610.712239, 1852.423636, -1.518066, 18.000000, -39.241598, 2545.810018
[8][7] = 616.504672, 1870.250912, -1.354614, 18.000000, -38.975994, 2560.108845
[8][8] = 622.114163, 1887.515152, -1.197998, 18.000000, -38.721648, 2574.007718
[8][9] = 627.846451, 1905.157320, -0.880249, 18.000000, -38.464611, 2588.006594
[8][10] = 633.587526, 1922.826530, -1.077271, 18.000000, -38.210058, 2602.905411
[8][11] = 639.418386, 1940.772073, -0.792114, 18.000000, -37.954431, 2617.304281
[8][12] = 645.323963, 1958.947571, -1.034302, 18.000000, -37.698475, 2632.803078
[8][13] = 651.324407, 1977.415039, -0.850952, 18.000000, -37.441404, 2647.901920
[8][14] = 657.329786, 1995.897695, -0.750854, 18.000000, -37.187103, 2663.200760
[8][15] = 663.440901, 2014.705771, -0.756836, 18.000000, -36.931343, 2678.999576
[8][16] = 669.452971, 2033.209020, -0.705811, 18.000000, -36.682658, 2694.498428
[8][17] = 675.709976, 2052.466102, -0.780884, 18.000000, -36.426883, 2710.897228
[8][18] = 682.038009, 2071.941784, -0.536865, 18.000000, -36.171314, 2726.996063
[8][19] = 688.690686, 2092.416618, -0.234619, 18.000000, -35.905954, 2743.894856
[8][20] = 695.177374, 2112.380593, 0.076416, 18.000000, -35.650444, 2760.393691
[8][21] = 701.714079, 2132.498501, 0.028076, 18.000000, -35.396137, 2777.692485
[8][22] = 708.367990, 2152.977135, 0.074951, 18.000000, -35.140494, 2795.191280
[8][23] = 715.143114, 2173.828821, 0.165161, 18.000000, -34.883481, 2812.990069
[8][24] = 721.928649, 2194.712551, 0.358276, 18.000000, -34.629346, 2830.688881
[8][25] = 728.804303, 2215.873638, 0.377075, 18.000000, -34.375123, 2848.987668
[8][26] = 735.841910, 2237.533165, 0.726318, 18.000000, -34.118284, 2867.186476
[8][27] = 742.935520, 2259.365051, 0.963501, 18.000000, -33.862794, 2885.785274
[8][28] = 750.089806, 2281.383681, 0.821289, 18.000000, -33.608513, 2905.284031
[8][29] = 757.376746, 2303.810577, 0.908936, 18.000000, -33.352962, 2924.782804
[8][30] = 764.805067, 2326.672596, 0.908325, 18.000000, -33.095970, 2944.881556
[8][31] = 772.252253, 2349.592679, 0.967407, 18.000000, -32.841827, 2964.980325
[8][32] = 779.802743, 2372.830697, 0.992554, 18.000000, -32.587676, 2985.479087
[8][33] = 787.540633, 2396.645474, 1.215454, 18.000000, -32.330826, 3006.177854
[8][34] = 795.303739, 2420.537857, 1.343994, 18.000000, -32.076745, 3027.176620
[8][35] = 803.177575, 2444.771034, 1.451294, 18.000000, -31.822660, 3048.575380
[8][36] = 811.163176, 2469.348185, 1.644531, 18.000000, -31.568625, 3070.174147
[8][37] = 819.394838, 2494.682635, 2.167114, 18.000000, -31.310545, 3091.872924
[8][38] = 827.568623, 2519.838961, 2.528076, 18.000000, -31.058006, 3113.771708
[8][39] = 835.910711, 2545.513267, 2.795166, 18.000000, -30.804023, 3136.370471
[8][40] = 844.472978, 2571.865215, 2.993774, 18.000000, -30.547206, 3159.769208
[8][41] = 853.076143, 2598.343033, 2.824463, 18.000000, -30.293033, 3184.067917
[8][42] = 862.194038, 2626.405029, 3.008789, 18.000000, -30.027801, 3209.166604
[8][43] = 871.016324, 2653.557235, 3.060425, 18.000000, -29.775149, 3233.765336
[8][44] = 880.075536, 2681.438621, 3.125122, 18.000000, -29.519703, 3259.064053
[8][45] = 889.221002, 2709.585470, 3.583252, 18.000000, -29.265841, 3283.862814
[8][46] = 898.568463, 2738.353998, 3.759399, 18.000000, -29.010456, 3309.861535
[8][47] = 908.061955, 2767.571963, 4.259033, 18.000000, -28.755216, 3335.660285
[8][48] = 917.662312, 2797.118823, 4.449219, 18.000000, -28.501249, 3362.459008
[8][49] = 927.420445, 2827.151270, 4.642700, 18.000000, -28.247289, 3389.757727
[8][50] = 937.396935, 2857.855748, 4.780151, 18.000000, -27.991908, 3417.856431
[8][51] = 947.596634, 2889.247192, 5.010498, 18.000000, -27.735166, 3446.455132
[8][52] = 957.853842, 2920.815635, 5.436768, 18.000000, -27.481316, 3474.853865
[8][53] = 968.288259, 2952.929466, 5.798462, 18.000000, -27.227443, 3503.952587
[8][54] = 979.022854, 2985.967153, 6.122314, 18.000000, -26.970751, 3534.051287
[8][55] = 989.880050, 3019.382168, 6.900391, 18.000000, -26.715644, 3563.550035
[8][56] = 1000.879263, 3053.234264, 7.120850, 18.000000, -26.461723, 3594.748733
[8][57] = 1012.137532, 3087.883653, 7.389526, 18.000000, -26.206422, 3626.647424
[8][58] = 1023.600196, 3123.162105, 7.724731, 18.000000, -25.951149, 3659.046119
[8][59] = 1035.212099, 3158.899868, 7.925537, 18.000000, -25.697232, 3692.244805
[8][60] = 1047.565297, 3196.919100, 8.263184, 18.000000, -25.432143, 3727.343441
[8][61] = 1059.349833, 3233.188175, 8.816162, 18.000000, -25.183976, 3760.342183
[8][62] = 1071.632761, 3270.991138, 9.074097, 18.000000, -24.930089, 3795.540864
[8][63] = 1084.149400, 3309.513394, 9.475708, 18.000000, -24.676257, 3831.139555
[8][64] = 1097.050791, 3349.219791, 9.952759, 18.000000, -24.419648, 3867.738234
[8][65] = 1110.202594, 3389.696879, 10.793335, 18.000000, -24.163166, 3904.236942
[8][66] = 1123.552713, 3430.784320, 11.236206, 18.000000, -23.907949, 3942.335619
[8][67] = 1137.621379, 3474.083221, 12.027710, 18.000000, -23.644433, 3981.734277
[8][68] = 1151.062505, 3515.450754, 12.776611, 18.000000, -23.397739, 4019.433017
[8][69] = 1165.722483, 3560.569527, 13.381104, 18.000000, -23.134158, 4061.131651
[8][70] = 1180.136676, 3604.931851, 14.033936, 18.000000, -22.880415, 4102.030339
[8][71] = 1195.023069, 3650.747458, 14.587402, 18.000000, -22.623833, 4144.628999
[8][72] = 1210.068218, 3697.051666, 14.958740, 18.000000, -22.369999, 4188.227656
[8][73] = 1225.532408, 3744.645548, 15.030273, 18.000000, -22.114669, 4233.926278
[8][74] = 1241.330754, 3793.267859, 15.538452, 18.000000, -21.859479, 4279.524933
[8][75] = 1256.951530, 3841.343665, 15.724121, 18.000000, -21.612608, 4325.523604
[8][76] = 1274.013041, 3893.853595, 16.115967, 18.000000, -21.348966, 4375.322197
[8][77] = 1290.826236, 3945.599289, 16.336426, 18.000000, -21.095096, 4424.920828
[8][78] = 1308.229300, 3999.160412, 16.213989, 18.000000, -20.838321, 4477.319413
[8][79] = 1325.947168, 4053.690404, 16.140991, 18.000000, -20.582968, 4530.618009
[8][80] = 1343.991745, 4109.225902, 15.954834, 18.000000, -20.328991, 4585.316601
[8][81] = 1362.471426, 4166.100511, 15.840576, 18.000000, -20.075040, 4641.215196
[8][82] = 1381.495812, 4224.651549, 16.417847, 18.000000, -19.819884, 4696.813833
[8][83] = 1400.891496, 4284.345327, 16.817505, 18.000000, -19.566081, 4754.112461
[8][84] = 1420.674431, 4345.230941, 16.797607, 18.000000, -19.313569, 4813.911064
[8][85] = 1441.397463, 4409.009874, 17.704346, 18.000000, -19.055696, 4873.809699
[8][86] = 1462.336313, 4473.453029, 17.701538, 18.000000, -18.801789, 4937.208290
[8][87] = 1484.451707, 4541.517215, 16.670044, 18.000000, -18.540606, 5007.506770
[8][88] = 1505.806583, 4607.240762, 16.038696, 18.000000, -18.294966, 5074.405362
[9][0] = 636.308148, 1721.747312, -1.689087, 20.000000, -40.943066, 2457.817538
[9][1] = 641.963250, 1737.284579, -1.410278, 20.000000, -40.691497, 2469.916472
[9][2] = 647.935684, 1753.693705, -1.294067, 20.000000, -40.428572, 2483.015330
[9][3] = 653.782262, 1769.757049, -1.456055, 20.000000, -40.173902, 2496.314183
[9][4] = 659.780179, 1786.236189, -1.110718, 20.000000, -39.915398, 2509.213082
[9][5] = 665.748901, 1802.635118, -1.097778, 20.000000, -39.660889, 2522.611950
[9][6] = 671.782608, 1819.212592, -1.150635, 20.000000, -39.406353, 2536.310805
[9][7] = 677.910495, 1836.048824, -0.910645, 20.000000, -39.150630, 2549.809689
[9][8] = 684.105628, 1853.069812, -0.671265, 20.000000, -38.894920, 2563.508568
[9][9] = 690.370351, 1870.281996, -0.490967, 20.000000, -38.639184, 2577.507435
[9][10] = 696.675826, 1887.606145, -0.657837, 20.000000, -38.384635, 2592.206259
[9][11] = 703.116005, 1905.300391, -0.415039, 20.000000, -38.127563, 2606.605120
[9][12] = 709.597740, 1923.108812, -0.391113, 20.000000, -37.871766, 2621.503954
[9][13] = 716.121269, 1941.032060, -0.582031, 20.000000, -37.617251, 2636.902763
[9][14] = 722.785440, 1959.341721, -0.298462, 20.000000, -37.360244, 2651.901616
[9][15] = 729.533669, 1977.882329, -0.350586, 20.000000, -37.103037, 2667.700422
[9][16] = 736.324024, 1996.538675, -0.370972, 20.000000, -36.847270, 2683.599234
[9][17] = 743.156881, 2015.311795, -0.360107, 20.000000, -36.592941, 2699.598053
[9][18] = 750.146270, 2034.514983, -0.218018, 20.000000, -36.335895, 2715.796872
[9][19] = 757.145519, 2053.745261, -0.208740, 20.000000, -36.081591, 2732.295683
[9][20] = 764.227771, 2073.203590, -0.053345, 20.000000, -35.827385, 2748.794509
[9][21] = 771.477557, 2093.122212, 0.072144, 20.000000, -35.570363, 2765.793313
[9][22] = 778.776548, 2113.176027, 0.295532, 20.000000, -35.314813, 2782.792132
[9][23] = 786.169912, 2133.489126, 0.390137, 20.000000, -35.059199, 2800.290931
[9][24] = 793.615416, 2153.945479, 0.529663, 20.000000, -34.805025, 2817.889739
[9][25] = 801.240317, 2174.894724, 0.659424, 20.000000, -34.548046, 2835.988528
[9][26] = 808.927105, 2196.014000, 0.509033, 20.000000, -34.292327, 2854.787286
[9][27] = 816.624119, 2217.161373, 0.630127, 20.000000, -34.039578, 2873.186087
[9][28] = 824.594512, 2239.059848, 0.871216, 20.000000, -33.781285, 2892.084871
[9][29] = 832.579823, 2260.999309, 1.382202, 20.000000, -33.525954, 2910.583696
[9][30] = 840.636491, 2283.134821, 1.410034, 20.000000, -33.271775, 2930.182467
[9][31] = 848.847630, 2305.694742, 1.456543, 20.000000, -33.016212, 2950.181230
[9][32] = 857.171652, 2328.564804, 1.521362, 20.000000, -32.760668, 2970.479992
[9][33] = 865.612086, 2351.754704, 1.555908, 20.000000, -32.505117, 2991.178746
[9][34] = 874.125318, 2375.144619, 1.503784, 20.000000, -32.250936, 3012.277494
[9][35] = 882.856648, 2399.133751, 1.345825, 20.000000, -31.993904, 3034.176213
[9][36] = 891.654969, 2423.306939, 1.782593, 20.000000, -31.738581, 3055.175002
[9][37] = 900.536295, 2447.708181, 1.934570, 20.000000, -31.484527, 3076.973762
[9][38] = 909.547974, 2472.467567, 2.024780, 20.000000, -31.230450, 3099.272511
[9][39] = 918.790101, 2497.860102, 2.338745, 20.000000, -30.973679, 3121.771268
[9][40] = 928.073448, 2523.365888, 2.323730, 20.000000, -30.719567, 3145.069999
[9][41] = 937.811698, 2550.121508, 2.261230, 20.000000, -30.457018, 3169.668680
[9][42] = 947.165391, 2575.820568, 2.448608, 20.000000, -30.208631, 3192.867454
[9][43] = 956.927051, 2602.640509, 2.778809, 20.000000, -29.953296, 3216.866205
[9][44] = 967.122787, 2630.653065, 2.689209, 20.000000, -29.690758, 3242.864872
[9][45] = 977.195862, 2658.328611, 3.070557, 20.000000, -29.435458, 3267.663621
[9][46] = 987.437962, 2686.468550, 2.955688, 20.000000, -29.179942, 3293.962315
[9][47] = 997.836256, 2715.037628, 3.308716, 20.000000, -28.924639, 3319.761053
[9][48] = 1008.348798, 2743.920600, 3.443604, 20.000000, -28.670649, 3346.359773
[9][49] = 1019.148587, 2773.592774, 3.767578, 20.000000, -28.413939, 3373.358494
[9][50] = 1030.010808, 2803.436481, 3.910278, 20.000000, -28.159963, 3400.957208
[9][51] = 1040.992078, 2833.607274, 4.084595, 20.000000, -27.907409, 3428.855929
[9][52] = 1052.339189, 2864.783204, 4.585815, 20.000000, -27.650784, 3457.054657
[9][53] = 1063.885578, 2896.506647, 4.887085, 20.000000, -27.394080, 3486.253361
[9][54] = 1075.497481, 2928.410088, 5.520386, 20.000000, -27.140320, 3514.952109
[9][55] = 1087.316134, 2960.881572, 5.918823, 20.000000, -26.886467, 3544.750830
[9][56] = 1099.472717, 2994.281508, 6.556030, 20.000000, -26.629904, 3574.949556
[9][57] = 1111.718662, 3027.926966, 6.828369, 20.000000, -26.376006, 3606.248258
[9][58] = 1124.183345, 3062.173400, 7.202026, 20.000000, -26.122151, 3637.946966
[9][59] = 1137.018270, 3097.437068, 7.499146, 20.000000, -25.865463, 3670.845649
[9][60] = 1150.092542, 3133.358336, 7.791138, 20.000000, -25.608776, 3704.444328
[9][61] = 1163.263740, 3169.545904, 8.218018, 20.000000, -25.354949, 3738.043031
[9][62] = 1176.761519, 3206.630748, 8.480957, 20.000000, -25.099660, 3772.941708
[9][63] = 1190.584643, 3244.609467, 9.256470, 20.000000, -24.843157, 3807.540420
[9][64] = 1204.606799, 3283.135024, 9.684937, 20.000000, -24.587932, 3843.539105
[9][65] = 1218.826187, 3322.202473, 10.062744, 20.000000, -24.334094, 3880.237789
[9][66] = 1233.556492, 3362.673653, 11.098022, 20.000000, -24.076278, 3916.736505
[9][67] = 1248.428788, 3403.534950, 11.771484, 20.000000, -23.821139, 3954.535200
[9][68] = 1263.515681, 3444.985847, 12.650513, 20.000000, -23.567474, 3992.433917
[9][69] = 1279.000650, 3487.530451, 13.407715, 20.000000, -23.312362, 4031.732611
[9][70] = 1294.896615, 3531.204256, 14.178833, 20.000000, -23.055850, 4072.131296
[9][71] = 1310.957036, 3575.329899, 14.670166, 20.000000, -22.802051, 4113.729968
[9][72] = 1327.368443, 3620.419870, 14.736328, 20.000000, -22.548116, 4157.428602
[9][73] = 1344.308129, 3666.961274, 15.406494, 20.000000, -22.291571, 4201.027267
[9][74] = 1361.539752, 3714.304771, 15.449097, 20.000000, -22.036231, 4247.125886
[9][75] = 1379.050205, 3762.414345, 15.799683, 20.000000, -21.782394, 4293.224534
[9][76] = 1397.047023, 3811.860195, 16.433350, 20.000000, -21.527243, 4339.923194
[9][77] = 1415.459954, 3862.449307, 16.837402, 20.000000, -21.272021, 4388.421833
[9][78] = 1435.037439, 3916.238006, 17.028076, 20.000000, -21.006916, 4440.720398
[9][79] = 1454.129402, 3968.692743, 17.065063, 20.000000, -20.754396, 4492.219017
[9][80] = 1473.332278, 4021.452210, 17.481812, 20.000000, -20.506198, 4543.017687
[9][81] = 1494.239185, 4078.893465, 17.164307, 20.000000, -20.242359, 4600.616213
[9][82] = 1514.879414, 4135.602028, 16.297363, 20.000000, -19.988192, 4659.214751
[9][83] = 1535.997146, 4193.622520, 16.764893, 20.000000, -19.734407, 4715.313386
[9][84] = 1557.773093, 4253.451444, 16.849609, 20.000000, -19.479115, 4774.411983
[9][85] = 1579.988094, 4314.486656, 16.599976, 20.000000, -19.225139, 4835.810561
[9][86] = 1602.649985, 4376.749689, 16.231689, 20.000000, -18.972539, 4898.909137
[9][87] = 1626.274033, 4441.656230, 16.620605, 20.000000, -18.715936, 4962.407740
[9][88] = 1650.410880, 4507.971672, 16.430786, 20.000000, -18.460588, 5029.206309
[10][0] = -632.288143, 1721.692349, -2.373169, 340.000000, -40.943960, 2458.817450
[10][1] = -638.106524, 1737.678222, -2.376221, 340.000000, -40.685157, 2471.716315
[10][2] = -643.827145, 1753.395498, -2.488403, 340.000000, -40.433325, 2484.615192
[10][3] = -649.664946, 1769.434724, -2.206055, 340.000000, -40.178986, 2497.214106
[10][4] = -655.663520, 1785.915672, -1.984497, 340.000000, -39.920399, 2510.312988
[10][5] = -661.664201, 1802.402406, -1.985352, 340.000000, -39.664482, 2523.811849
[10][6] = -667.659938, 1818.875559, -1.834717, 340.000000, -39.411500, 2537.110739
[10][7] = -673.820444, 1835.801411, -1.608032, 340.000000, -39.154368, 2550.709615
[10][8] = -680.014424, 1852.819230, -1.366943, 340.000000, -38.898664, 2564.408495
[10][9] = -686.243138, 1869.932482, -1.172241, 340.000000, -38.644348, 2578.307371
[10][10] = -692.541017, 1887.235760, -0.974121, 340.000000, -38.390047, 2592.406243
[10][11] = -699.013213, 1905.017973, -0.622803, 340.000000, -38.131643, 2606.705112
[10][12] = -705.455779, 1922.718779, -0.469604, 340.000000, -37.877337, 2621.303969
[10][13] = -712.010137, 1940.726730, -0.433960, 340.000000, -37.621562, 2636.402801
[10][14] = -718.673086, 1959.033030, -0.153442, 340.000000, -37.364552, 2651.401654
[10][15] = -725.381879, 1977.465288, -0.141846, 340.000000, -37.108789, 2667.000474
[10][16] = -732.127080, 1995.997576, 0.192017, 340.000000, -36.854645, 2682.199338
[10][17] = -738.992023, 2014.858850, 0.422729, 340.000000, -36.599042, 2697.898178
[10][18] = -746.019167, 2034.165772, 0.493408, 340.000000, -36.340542, 2714.296981
[10][19] = -753.013295, 2053.381979, 0.726196, 340.000000, -36.086366, 2730.395819
[10][20] = -760.091381, 2072.828860, 1.045166, 340.000000, -35.832251, 2746.594664
[10][21] = -767.380688, 2092.856067, 1.101318, 340.000000, -35.573776, 2763.793453
[10][22] = -774.599866, 2112.690596, 1.208252, 340.000000, -35.320962, 2780.792270
[10][23] = -782.272983, 2133.772311, 1.565796, 340.000000, -35.055658, 2798.491054
[10][24] = -789.470673, 2153.547802, 1.758301, 340.000000, -34.809936, 2815.389907
[10][25] = -797.049387, 2174.370147, 2.043579, 340.000000, -34.554441, 2833.088721
[10][26] = -805.033311, 2196.305800, 1.780396, 340.000000, -34.288817, 2852.787418
[10][27] = -812.772306, 2217.568514, 2.062134, 340.000000, -34.034744, 2870.986230
[10][28] = -820.436357, 2238.625320, 2.492676, 340.000000, -33.786377, 2888.785082
[10][29] = -828.685860, 2261.290643, 2.960693, 340.000000, -33.522586, 2907.983860
[10][30] = -836.738038, 2283.413820, 3.356201, 340.000000, -33.268593, 2926.882673
[10][31] = -844.947506, 2305.969148, 3.605591, 340.000000, -33.013125, 2946.481458
[10][32] = -853.316781, 2328.963542, 3.824341, 340.000000, -32.756244, 2966.580228
[10][33] = -861.754519, 2352.146036, 4.162231, 340.000000, -32.500835, 2986.679015
[10][34] = -870.221503, 2375.408886, 4.191650, 340.000000, -32.248085, 3007.477777
[10][35] = -878.947032, 2399.382078, 4.484009, 340.000000, -31.991262, 3028.476544
[10][36] = -887.704337, 2423.442575, 4.582275, 340.000000, -31.737158, 3049.975300
[10][37] = -896.630299, 2447.966454, 5.085693, 340.000000, -31.481857, 3071.174090
[10][38] = -905.640798, 2472.722598, 5.359253, 340.000000, -31.227852, 3093.072857
[10][39] = -914.827641, 2497.963241, 6.040771, 340.000000, -30.972644, 3114.671658
[10][40] = -924.154553, 2523.588722, 6.564819, 340.000000, -30.717363, 3136.970438
[10][41] = -933.524890, 2549.333511, 6.660889, 340.000000, -30.464692, 3160.269182
[10][42] = -943.241323, 2576.029192, 7.223877, 340.000000, -30.206630, 3183.567943
[10][43] = -952.950185, 2602.704069, 7.600830, 340.000000, -29.952696, 3207.266702
[10][44] = -962.811707, 2629.798380, 7.847046, 340.000000, -29.698707, 3231.665444
[10][45] = -972.876548, 2657.451301, 8.471802, 340.000000, -29.443489, 3255.864214
[10][46] = -983.098441, 2685.535722, 9.263550, 340.000000, -29.188347, 3280.162997
[10][47] = -993.496950, 2714.105392, 9.371826, 340.000000, -28.932905, 3306.361706
[10][48] = -1004.414055, 2744.099890, 9.568359, 340.000000, -28.669085, 3333.760377
[10][49] = -1014.794108, 2772.618853, 10.188354, 340.000000, -28.422298, 3358.959174
[10][50] = -1026.074936, 2803.612673, 10.358643, 340.000000, -28.158476, 3387.457834
[10][51] = -1037.115559, 2833.946534, 10.785156, 340.000000, -27.904593, 3414.856568
[10][52] = -1048.470498, 2865.143974, 11.053711, 340.000000, -27.647840, 3443.455268
[10][53] = -1059.961692, 2896.715769, 11.096680, 340.000000, -27.392403, 3472.953949
[10][54] = -1071.582126, 2928.642649, 11.413086, 340.000000, -27.138486, 3502.252661
[10][55] = -1083.405248, 2961.126410, 11.720825, 340.000000, -26.884570, 3532.151369
[10][56] = -1095.635371, 2994.728398, 12.168579, 340.000000, -26.626502, 3562.850064
[10][57] = -1107.883842, 3028.380793, 12.527710, 340.000000, -26.372612, 3593.848770
[10][58] = -1120.286428, 3062.456619, 12.735596, 340.000000, -26.120071, 3625.647465
[10][59] = -1133.120495, 3097.717929, 13.243164, 340.000000, -25.863437, 3657.946163
[10][60] = -1146.193226, 3133.634961, 13.782837, 340.000000, -25.606818, 3690.844860
[10][61] = -1159.443901, 3170.040891, 14.072266, 340.000000, -25.351509, 3724.843538
[10][62] = -1172.878241, 3206.951437, 13.998047, 340.000000, -25.097474, 3760.242186
[10][63] = -1186.775695, 3245.134380, 15.055054, 340.000000, -24.839646, 3794.240912
[10][64] = -1200.799900, 3283.665564, 15.638428, 340.000000, -24.584452, 3829.739606
[10][65] = -1215.019887, 3322.734659, 16.247803, 340.000000, -24.330670, 3865.738306
[10][66] = -1229.683866, 3363.023610, 16.824097, 340.000000, -24.074071, 3903.036984
[10][67] = -1244.570888, 3403.925367, 16.971680, 340.000000, -23.818726, 3942.035629
[10][68] = -1259.678191, 3445.432341, 17.060913, 340.000000, -23.564769, 3981.834273
[10][69] = -1275.182101, 3488.028984, 17.120605, 340.000000, -23.309403, 4022.832905
[10][70] = -1291.089138, 3531.733209, 17.590576, 340.000000, -23.052776, 4063.931561
[10][71] = -1307.249394, 3576.133148, 17.839844, 340.000000, -22.797480, 4106.330202
[10][72] = -1323.573984, 3620.984589, 18.014404, 340.000000, -22.544969, 4149.428850
[10][73] = -1340.613776, 3667.801032, 18.637207, 340.000000, -22.286993, 4193.327501
[10][74] = -1357.836215, 3715.119296, 19.461426, 340.000000, -22.031887, 4237.226180
[10][75] = -1375.354397, 3763.250105, 19.813354, 340.000000, -21.778034, 4283.224825
[10][76] = -1393.367165, 3812.739777, 20.088135, 340.000000, -21.522756, 4330.823453
[10][77] = -1411.792410, 3863.362721, 20.318237, 340.000000, -21.267466, 4379.722075
[10][78] = -1430.528062, 3914.838504, 21.052979, 340.000000, -21.013734, 4428.120740
[10][79] = -1449.706221, 3967.530061, 21.550659, 340.000000, -20.759930, 4478.419384
[10][80] = -1469.556185, 4022.067390, 22.107422, 340.000000, -20.503338, 4530.418014
[10][81] = -1489.783097, 4077.640374, 22.307861, 340.000000, -20.248045, 4584.516621
[10][82] = -1510.281788, 4133.960065, 22.170044, 340.000000, -19.995465, 4640.415216
[10][83] = -1531.502622, 4192.263826, 22.727295, 340.000000, -19.740280, 4696.313845
[10][84] = -1553.251429, 4252.018184, 23.512939, 340.000000, -19.485157, 4753.012487
[10][85] = -1576.300648, 4315.345391, 24.288574, 340.000000, -19.221611, 4813.311078
[10][86] = -1598.948408, 4377.569601, 24.948730, 340.000000, -18.969256, 4872.909719
[10][87] = -1622.565140, 4442.456039, 26.084106, 340.000000, -18.712816, 4933.708367
[10][88] = -1646.577766, 4508.430185, 25.947754, 340.000000, -18.458846, 4999.606939
[11][0] = -574.499207, 1753.282118, -1.997681, 342.000000, -40.775453, 2466.616762
[11][1] = -579.705201, 1769.304520, -1.998169, 342.000000, -40.520880, 2479.415643
[11][2] = -585.021481, 1785.666348, -1.855835, 342.000000, -40.263617, 2492.314527
[11][3] = -590.366312, 1802.116046, -1.830200, 342.000000, -40.007694, 2505.513396
[11][4] = -595.769917, 1818.746632, -1.935547, 342.000000, -39.751696, 2519.112244
[11][5] = -601.193660, 1835.439198, -1.530762, 342.000000, -39.497480, 2532.011163
[11][6] = -606.711313, 1852.420786, -1.456177, 342.000000, -39.241640, 2545.710027
[11][7] = -612.286509, 1869.579475, -1.196777, 342.000000, -38.985943, 2559.308911
[11][8] = -618.110505, 1887.503891, -0.953369, 342.000000, -38.721813, 2573.607750
[11][9] = -623.844632, 1905.151722, -0.758789, 342.000000, -38.464692, 2587.806610
[11][10] = -629.577581, 1922.795925, -0.412476, 342.000000, -38.210496, 2601.805498
[11][11] = -635.379693, 1940.652987, -0.360962, 342.000000, -37.956118, 2616.504344
[11][12] = -641.313244, 1958.914579, -0.317505, 342.000000, -37.698937, 2631.603171
[11][13] = -647.279729, 1977.277531, -0.069580, 342.000000, -37.443307, 2646.502027
[11][14] = -653.317418, 1995.859627, 0.076050, 342.000000, -37.187624, 2661.800866
[11][15] = -659.425965, 2014.659803, 0.241333, 342.000000, -36.931964, 2677.299703
[11][16] = -665.437241, 2033.160608, 0.345337, 342.000000, -36.683305, 2692.698561
[11][17] = -671.690856, 2052.407257, 0.495850, 342.000000, -36.427660, 2708.697388
[11][18] = -678.018120, 2071.880572, 0.789795, 342.000000, -36.172112, 2724.696229
[11][19] = -684.671759, 2092.358368, 1.026367, 342.000000, -35.906704, 2741.695012
[11][20] = -691.127745, 2112.227848, 0.991089, 342.000000, -35.652387, 2758.693810
[11][21] = -697.695343, 2132.440839, 1.273804, 342.000000, -35.396862, 2775.492637
[11][22] = -704.344260, 2152.904102, 1.650391, 342.000000, -35.141400, 2792.391471
[11][23] = -711.116969, 2173.748356, 1.898071, 342.000000, -34.884466, 2809.890279
[11][24] = -717.905149, 2194.640226, 1.913696, 342.000000, -34.630221, 2827.889068
[11][25] = -724.775901, 2215.786224, 2.253906, 342.000000, -34.376167, 2845.587892
[11][26] = -731.813632, 2237.446133, 2.590820, 342.000000, -34.119309, 2863.786698
[11][27] = -738.904050, 2259.268198, 3.033813, 342.000000, -33.863920, 2881.985519
[11][28] = -746.054367, 2281.274611, 3.148438, 342.000000, -33.609765, 2900.984304
[11][29] = -753.337360, 2303.689359, 3.489380, 342.000000, -33.354335, 2919.983104
[11][30] = -760.760955, 2326.536833, 3.791626, 342.000000, -33.097486, 2939.481890
[11][31] = -768.204264, 2349.444984, 4.096313, 342.000000, -32.843454, 2959.080685
[11][32] = -775.750099, 2372.668675, 4.416016, 342.000000, -32.589436, 2978.979478
[11][33] = -783.488209, 2396.484130, 4.614868, 342.000000, -32.332554, 2999.678239
[11][34] = -791.253147, 2420.382153, 4.615967, 342.000000, -32.078389, 3020.876989
[11][35] = -799.124792, 2444.608583, 4.854858, 342.000000, -31.824351, 3041.975761
[11][36] = -807.155680, 2469.325116, 4.984131, 342.000000, -31.568862, 3063.774510
[11][37] = -815.345634, 2494.531201, 5.318359, 342.000000, -31.312076, 3085.673272
[11][38] = -823.567540, 2519.835626, 5.518799, 342.000000, -31.058039, 3107.972029
[11][39] = -831.859500, 2545.355655, 6.051025, 342.000000, -30.805571, 3129.870825
[11][40] = -840.372689, 2571.556559, 6.359009, 342.000000, -30.550192, 3152.869579
[11][41] = -849.014376, 2598.152936, 6.722534, 342.000000, -30.294844, 3176.168335
[11][42] = -858.130169, 2626.208461, 7.022949, 342.000000, -30.029644, 3200.967030
[11][43] = -866.994015, 2653.488573, 7.548340, 342.000000, -29.775783, 3224.665803
[11][44] = -875.996641, 2681.195809, 8.041748, 342.000000, -29.521910, 3248.864568
[11][45] = -885.194539, 2709.504026, 8.386230, 342.000000, -29.266570, 3273.963306
[11][46] = -894.490100, 2738.112822, 8.598877, 342.000000, -29.012580, 3299.662034
[11][47] = -904.033012, 2767.482886, 9.270752, 342.000000, -28.755988, 3325.160792
[11][48] = -913.578326, 2796.860341, 9.584595, 342.000000, -28.503453, 3351.459530
[11][49] = -923.331397, 2826.877206, 10.060425, 342.000000, -28.249588, 3378.058274
[11][50] = -933.296765, 2857.547456, 10.841919, 342.000000, -27.994451, 3404.657037
[11][51] = -943.490714, 2888.921205, 11.385498, 342.000000, -27.737810, 3432.455765
[11][52] = -953.752779, 2920.504595, 11.487061, 342.000000, -27.483797, 3461.454460
[11][53] = -964.135865, 2952.460448, 11.409424, 342.000000, -27.231120, 3491.253142
[11][54] = -974.928420, 2985.676515, 11.713989, 342.000000, -26.972989, 3521.451828
[11][55] = -985.728382, 3018.915382, 12.279175, 342.000000, -26.719177, 3551.150559
[11][56] = -996.786082, 3052.947482, 12.571289, 342.000000, -26.463856, 3582.249252
[11][57] = -1008.043135, 3087.593128, 12.877686, 342.000000, -26.208543, 3613.947942
[11][58] = -1019.505321, 3122.870111, 13.206055, 342.000000, -25.953243, 3646.246632
[11][59] = -1031.115280, 3158.601889, 13.484375, 342.000000, -25.699330, 3679.145321
[11][60] = -1043.464314, 3196.608309, 14.020630, 342.000000, -25.434290, 3713.643971
[11][61] = -1055.243174, 3232.859913, 14.854370, 342.000000, -25.186202, 3745.842733
[11][62] = -1067.522713, 3270.652446, 15.261597, 342.000000, -24.932343, 3780.541423
[11][63] = -1080.107993, 3309.385954, 15.687500, 342.000000, -24.677089, 3816.140104
[11][64] = -1093.004400, 3349.077014, 16.469971, 342.000000, -24.420561, 3851.838805
[11][65] = -1106.096217, 3389.369485, 16.642212, 342.000000, -24.165221, 3889.637456
[11][66] = -1119.442207, 3430.444219, 17.265015, 342.000000, -23.910041, 3927.136144
[11][67] = -1133.442843, 3473.533745, 17.592896, 342.000000, -23.647743, 3967.334764
[11][68] = -1146.958952, 3515.132050, 18.334351, 342.000000, -23.399621, 4005.133492
[11][69] = -1161.627852, 3560.278284, 18.418335, 342.000000, -23.135842, 4048.032077
[11][70] = -1176.058856, 3604.692348, 18.143677, 342.000000, -22.881771, 4091.230683
[11][71] = -1190.951176, 3650.526194, 18.352295, 342.000000, -22.625059, 4134.629311
[11][72] = -1205.997203, 3696.833106, 18.646362, 342.000000, -22.371184, 4178.327959
[11][73] = -1221.454405, 3744.405480, 19.046753, 342.000000, -22.115943, 4223.026604
[11][74] = -1237.253621, 3793.030469, 19.474365, 342.000000, -21.860711, 4268.725249
[11][75] = -1252.873861, 3841.104622, 19.653687, 342.000000, -21.613822, 4314.623916
[11][76] = -1269.936964, 3893.619454, 19.928711, 342.000000, -21.350128, 4364.622497
[11][77] = -1286.746062, 3945.352540, 20.317383, 342.000000, -21.096293, 4413.621137
[11][78] = -1304.135858, 3998.872826, 20.810425, 342.000000, -20.839684, 4464.119767
[11][79] = -1321.840507, 4053.362133, 21.337280, 342.000000, -20.584488, 4515.518403
[11][80] = -1339.984103, 4109.202381, 21.192627, 342.000000, -20.329098, 4570.216986
[11][81] = -1358.350516, 4165.728387, 21.619995, 342.000000, -20.076682, 4624.015625
[11][82] = -1377.475925, 4224.590345, 22.364990, 342.000000, -19.820148, 4679.214261
[11][83] = -1396.761854, 4283.946332, 22.882446, 342.000000, -19.567757, 4735.612900
[11][84] = -1416.657536, 4345.178942, 22.733765, 342.000000, -19.313782, 4795.911481
[11][85] = -1437.276680, 4408.638142, 23.233521, 342.000000, -19.057180, 4856.510090
[11][86] = -1458.217901, 4473.088594, 23.065186, 342.000000, -18.803207, 4920.208664
[11][87] = -1480.190110, 4540.712100, 23.000610, 342.000000, -18.543654, 4986.807213
[11][88] = -1502.144263, 4608.280035, 22.983154, 342.000000, -18.291133, 5053.305802
[12][0] = -509.199414, 1761.764221, -2.008789, 344.000000, -40.942827, 2458.317494
[12][1] = -513.736170, 1777.585768, -2.091675, 344.000000, -40.692399, 2470.916385
[12][2] = -518.552487, 1794.382260, -2.225952, 344.000000, -40.429298, 2484.415209
[12][3] = -523.258881, 1810.795407, -2.005737, 344.000000, -40.174912, 2497.114114
[12][4] = -528.095702, 1827.663408, -1.908813, 344.000000, -39.916234, 2510.412980
[12][5] = -532.905610, 1844.437551, -1.892212, 344.000000, -39.661736, 2523.811849
[12][6] = -537.762911, 1861.376972, -1.569702, 344.000000, -39.407467, 2536.910755
[12][7] = -542.705236, 1878.612907, -1.636597, 344.000000, -39.151536, 2550.909599
[12][8] = -547.699242, 1896.029078, -1.516479, 344.000000, -38.895751, 2564.808463
[12][9] = -552.750934, 1913.646418, -1.576294, 344.000000, -38.639859, 2579.207299
[12][10] = -557.826521, 1931.347096, -1.313354, 344.000000, -38.385605, 2593.206180
[12][11] = -563.015558, 1949.443419, -1.007202, 344.000000, -38.128579, 2607.505049
[12][12] = -568.239687, 1967.662122, -1.040527, 344.000000, -37.872749, 2622.503876
[12][13] = -573.494303, 1985.987145, -1.049561, 344.000000, -37.618356, 2637.602709
[12][14] = -578.863868, 2004.713042, -0.704712, 344.000000, -37.361392, 2652.501570
[12][15] = -584.270395, 2023.567844, -0.629517, 344.000000, -37.105673, 2668.000399
[12][16] = -589.738188, 2042.636304, -0.356812, 344.000000, -36.850089, 2683.399249
[12][17] = -595.273286, 2061.939484, -0.237183, 344.000000, -36.594422, 2699.298075
[12][18] = -600.904975, 2081.579519, -0.038818, 344.000000, -36.337409, 2715.396901
[12][19] = -606.543076, 2101.241913, 0.141113, 344.000000, -36.083205, 2731.595733
[12][20] = -612.251148, 2121.148326, 0.236450, 344.000000, -35.828962, 2748.194551
[12][21] = -618.123343, 2141.627102, 0.526855, 344.000000, -35.570630, 2764.993369
[12][22] = -623.975409, 2162.035683, 0.580322, 344.000000, -35.316383, 2782.192173
[12][23] = -629.898181, 2182.690842, 0.841919, 344.000000, -35.062267, 2799.291000
[12][24] = -635.927415, 2203.717281, 1.255371, 344.000000, -34.806841, 2816.489833
[12][25] = -642.069031, 2225.135641, 1.601440, 344.000000, -34.549979, 2834.188648
[12][26] = -648.258314, 2246.720238, 1.829834, 344.000000, -34.294463, 2852.287450
[12][27] = -654.455872, 2268.333689, 2.324341, 344.000000, -34.041911, 2869.986294
[12][28] = -660.878938, 2290.733583, 2.553467, 344.000000, -33.783601, 2888.885076
[12][29] = -667.319887, 2313.195843, 2.620361, 344.000000, -33.528022, 2908.183847
[12][30] = -673.811713, 2335.835528, 2.692383, 344.000000, -33.273859, 2927.682623
[12][31] = -680.386396, 2358.764172, 3.149658, 344.000000, -33.019908, 2946.781439
[12][32] = -687.126590, 2382.270023, 3.525391, 344.000000, -32.763110, 2966.580228
[12][33] = -693.890187, 2405.857488, 3.589722, 344.000000, -32.508967, 2987.078991
[12][34] = -700.748024, 2429.773608, 3.678101, 344.000000, -32.254845, 3007.877753
[12][35] = -707.780182, 2454.297658, 3.761597, 344.000000, -31.997921, 3029.276498
[12][36] = -714.869156, 2479.019849, 4.230591, 344.000000, -31.742600, 3050.175288
[12][37] = -722.302801, 2504.944050, 4.496216, 344.000000, -31.478760, 3072.574010
[12][38] = -729.602986, 2530.402821, 4.991577, 344.000000, -31.223461, 3094.172796
[12][39] = -737.016256, 2556.255967, 5.125488, 344.000000, -30.967993, 3116.871537
[12][40] = -744.497430, 2582.345921, 5.345337, 344.000000, -30.713977, 3139.670292
[12][41] = -752.090888, 2608.827454, 5.567383, 344.000000, -30.459967, 3162.869042
[12][42] = -759.881319, 2635.995916, 6.076416, 344.000000, -30.203289, 3186.167806
[12][43] = -767.753841, 2663.450664, 6.237915, 344.000000, -29.947859, 3210.466536
[12][44] = -775.701868, 2691.168726, 6.595337, 344.000000, -29.693927, 3234.665290
[12][45] = -783.775358, 2719.324332, 6.876709, 344.000000, -29.439966, 3259.464033
[12][46] = -792.015999, 2748.062864, 7.588013, 344.000000, -29.184796, 3283.962809
[12][47] = -800.391433, 2777.271473, 8.138306, 344.000000, -28.929556, 3309.261564
[12][48] = -808.856897, 2806.794055, 8.607544, 344.000000, -28.675687, 3335.060314
[12][49] = -817.557222, 2837.135695, 9.026367, 344.000000, -28.418991, 3361.759041
[12][50] = -826.355578, 2867.819206, 9.333374, 344.000000, -28.163655, 3389.057760
[12][51] = -835.206319, 2898.685409, 9.370239, 344.000000, -27.911018, 3417.156463
[12][52] = -844.345728, 2930.558318, 10.143311, 344.000000, -27.654481, 3444.655214
[12][53] = -853.605000, 2962.849237, 10.006592, 344.000000, -27.398974, 3474.553878
[12][54] = -862.971676, 2995.514718, 9.923706, 344.000000, -27.144901, 3504.752552
[12][55] = -872.545473, 3028.902514, 10.445312, 344.000000, -26.889674, 3534.351274
[12][56] = -882.341155, 3063.064116, 11.085083, 344.000000, -26.633091, 3564.449997
[12][57] = -892.210205, 3097.481584, 11.272461, 344.000000, -26.379139, 3595.848687
[12][58] = -902.646014, 3133.875576, 11.677368, 344.000000, -26.115452, 3628.647343
[12][59] = -912.590518, 3168.556183, 12.329834, 344.000000, -25.868702, 3659.346107
[12][60] = -923.058918, 3205.063830, 13.172485, 344.000000, -25.613604, 3691.344840
[12][61] = -933.667186, 3242.059259, 13.839844, 344.000000, -25.359843, 3724.243561
[12][62] = -944.535982, 3279.963256, 14.503174, 344.000000, -25.104677, 3758.042270
[12][63] = -955.740187, 3319.036960, 14.930298, 344.000000, -24.846618, 3793.540938
[12][64] = -967.045720, 3358.464039, 14.935913, 344.000000, -24.591216, 3830.439581
[12][65] = -978.513403, 3398.456603, 14.696533, 344.000000, -24.337136, 3868.538206
[12][66] = -990.332062, 3439.673167, 14.839722, 344.000000, -24.080391, 3906.936847
[12][67] = -1002.386966, 3481.713611, 15.163330, 344.000000, -23.823713, 3945.735502
[12][68] = -1014.558643, 3524.161296, 15.145508, 344.000000, -23.569727, 3985.834139
[12][69] = -1026.974780, 3567.461512, 15.438232, 344.000000, -23.315852, 4026.032799
[12][70] = -1039.778826, 3612.114524, 16.414185, 344.000000, -23.059400, 4065.831499
[12][71] = -1052.793840, 3657.503273, 16.741333, 344.000000, -22.804135, 4108.030148
[12][72] = -1066.458121, 3705.156284, 16.997437, 344.000000, -22.541833, 4152.628751
[12][73] = -1079.665030, 3751.214248, 17.652344, 344.000000, -22.293693, 4194.727458
[12][74] = -1093.547442, 3799.627974, 17.852173, 344.000000, -22.038393, 4240.326088
[12][75] = -1108.216016, 3850.783369, 17.825562, 344.000000, -21.774607, 4289.224650
[12][76] = -1122.738009, 3901.427578, 18.019409, 344.000000, -21.519312, 4337.123274
[12][77] = -1137.586834, 3953.211584, 18.490601, 344.000000, -21.264105, 4385.421916
[12][78] = -1152.696732, 4005.906062, 18.864868, 344.000000, -21.010272, 4434.920555
[12][79] = -1168.167138, 4059.857779, 18.803101, 344.000000, -20.756311, 4486.919158
[12][80] = -1184.180998, 4115.704746, 18.711426, 344.000000, -20.499541, 4540.917741
[12][81] = -1200.481733, 4172.552165, 19.194580, 344.000000, -20.244344, 4594.316372
[12][82] = -1217.003488, 4230.170371, 19.233276, 344.000000, -19.991827, 4649.814983
[12][83] = -1234.110010, 4289.827904, 19.832031, 344.000000, -19.736664, 4705.713618
[12][84] = -1251.549794, 4350.647658, 20.388306, 344.000000, -19.482892, 4762.912253
[12][85] = -1269.441523, 4413.043532, 20.443237, 344.000000, -19.228983, 4823.210850
[12][86] = -1287.798166, 4477.060752, 20.258423, 344.000000, -18.975014, 4885.909427
[12][87] = -1306.842552, 4543.476422, 20.183594, 344.000000, -18.718274, 4950.707995
[12][88] = -1326.175572, 4610.898675, 20.356689, 344.000000, -18.464407, 5015.806593
[13][0] = -449.336260, 1789.210868, -2.762817, 346.000000, -40.774886, 2467.816656
[13][1] = -453.411096, 1805.554142, -2.696045, 346.000000, -40.520369, 2480.515547
[13][2] = -457.572286, 1822.243761, -2.486938, 346.000000, -40.263160, 2493.314441
[13][3] = -461.758787, 1839.034901, -2.646484, 346.000000, -40.007110, 2506.813286
[13][4] = -465.965524, 1855.907203, -2.731445, 346.000000, -39.752539, 2520.312143
[13][5] = -470.402425, 1873.702640, -2.507202, 346.000000, -39.486956, 2534.110988
[13][6] = -474.557605, 1890.368155, -2.506592, 346.000000, -39.240915, 2547.409887
[13][7] = -479.091568, 1908.552888, -2.276123, 346.000000, -38.975366, 2561.608723
[13][8] = -483.484468, 1926.171847, -2.236694, 346.000000, -38.720948, 2575.707580
[13][9] = -487.948667, 1944.076771, -2.022705, 346.000000, -38.465255, 2589.806450
[13][10] = -492.463007, 1962.182802, -1.802368, 346.000000, -38.209580, 2604.105317
[13][11] = -497.005243, 1980.400716, -1.742920, 346.000000, -37.955217, 2618.804164
[13][12] = -501.647588, 1999.020144, -1.452637, 346.000000, -37.698206, 2633.503024
[13][13] = -506.319922, 2017.759849, -1.317017, 346.000000, -37.442513, 2648.601867
[13][14] = -511.044529, 2036.709215, -0.987183, 346.000000, -37.186954, 2663.600730
[13][15] = -515.801542, 2055.788550, -0.925537, 346.000000, -36.932643, 2679.199561
[13][16] = -520.504519, 2074.651162, -0.582275, 346.000000, -36.684139, 2694.198450
[13][17] = -525.428450, 2094.399970, -0.548706, 346.000000, -36.427024, 2710.497257
[13][18] = -530.355745, 2114.162271, -0.359009, 346.000000, -36.172826, 2726.596092
[13][19] = -535.562961, 2135.047276, -0.001221, 346.000000, -35.907498, 2743.394891
[13][20] = -540.642250, 2155.419191, 0.193481, 346.000000, -35.651917, 2760.093712
[13][21] = -545.785818, 2176.048915, 0.311035, 346.000000, -35.396302, 2777.192519
[13][22] = -550.966199, 2196.826287, 0.357544, 346.000000, -35.142061, 2794.591321
[13][23] = -556.295818, 2218.202223, 0.723999, 346.000000, -34.883798, 2811.990137
[13][24] = -561.606109, 2239.500637, 1.080444, 346.000000, -34.629752, 2829.388968
[13][25] = -566.985664, 2261.076854, 1.370728, 346.000000, -34.375675, 2847.187786
[13][26] = -572.496589, 2283.179966, 1.603760, 346.000000, -34.118766, 2865.586580
[13][27] = -578.051995, 2305.461480, 1.671631, 346.000000, -33.863179, 2884.485358
[13][28] = -583.646504, 2327.899832, 2.066040, 346.000000, -33.609182, 2902.984177
[13][29] = -589.347486, 2350.765220, 2.467896, 346.000000, -33.353791, 2921.882985
[13][30] = -595.130458, 2373.959457, 2.504517, 346.000000, -33.098213, 2941.781748
[13][31] = -600.958427, 2397.334164, 2.710693, 346.000000, -32.844137, 2961.580532
[13][32] = -606.900069, 2421.164788, 2.888550, 346.000000, -32.588650, 2981.879303
[13][33] = -612.924723, 2445.328356, 3.089722, 346.000000, -32.333182, 3002.478073
[13][34] = -619.034984, 2469.835273, 3.265625, 346.000000, -32.077709, 3023.476836
[13][35] = -625.198064, 2494.554038, 3.462524, 346.000000, -31.823658, 3044.675605
[13][36] = -631.447399, 2519.618749, 3.846191, 346.000000, -31.569706, 3065.874391
[13][37] = -637.892482, 2545.468567, 4.302002, 346.000000, -31.311581, 3087.673160
[13][38] = -644.291635, 2571.134165, 4.647461, 346.000000, -31.059024, 3109.571940
[13][39] = -650.820080, 2597.318330, 5.099243, 346.000000, -30.805118, 3131.770721
[13][40] = -657.486037, 2624.054023, 5.314941, 346.000000, -30.549700, 3154.969466
[13][41] = -664.255035, 2651.202992, 5.390259, 346.000000, -30.294224, 3178.868192
[13][42] = -671.391507, 2679.825815, 5.701172, 346.000000, -30.029036, 3203.666890
[13][43] = -678.297781, 2707.525371, 5.781006, 346.000000, -29.776383, 3228.165623
[13][44] = -685.387725, 2735.961580, 6.017334, 346.000000, -29.520999, 3253.064355
[13][45] = -692.547602, 2764.678279, 6.452759, 346.000000, -29.267113, 3277.863112
[13][46] = -699.860815, 2794.009974, 6.985840, 346.000000, -29.011870, 3303.061867
[13][47] = -707.292562, 2823.817085, 7.506592, 346.000000, -28.756623, 3328.760618
[13][48] = -714.804999, 2853.947824, 7.950562, 346.000000, -28.502750, 3354.959363
[13][49] = -722.442170, 2884.578843, 8.300781, 346.000000, -28.248839, 3381.858096
[13][50] = -730.249115, 2915.890788, 8.683472, 346.000000, -27.993542, 3409.356821
[13][51] = -738.231411, 2947.906030, 9.108765, 346.000000, -27.736863, 3437.455539
[13][52] = -746.262868, 2980.118444, 9.409912, 346.000000, -27.482942, 3466.054255
[13][53] = -754.382004, 3012.682520, 10.066528, 346.000000, -27.230574, 3494.253010
[13][54] = -762.828238, 3046.558515, 10.604614, 346.000000, -26.972544, 3523.951721
[13][55] = -771.288508, 3080.490803, 10.783569, 346.000000, -26.718583, 3554.550415
[13][56] = -779.951098, 3115.234556, 10.652832, 346.000000, -26.463103, 3586.649068
[13][57] = -789.057982, 3151.760270, 10.924927, 346.000000, -26.199366, 3619.547713
[13][58] = -797.736712, 3186.568756, 11.364746, 346.000000, -25.952537, 3650.546459
[13][59] = -806.825796, 3223.023081, 11.659912, 346.000000, -25.698639, 3683.445151
[13][60] = -816.494648, 3261.802727, 12.129517, 346.000000, -25.433583, 3718.143796
[13][61] = -825.719443, 3298.801360, 12.730591, 346.000000, -25.185417, 3750.942539
[13][62] = -835.330996, 3337.351193, 13.281616, 346.000000, -24.931619, 3785.341244
[13][63] = -845.131263, 3376.657917, 13.561646, 346.000000, -24.677725, 3821.139920
[13][64] = -855.234446, 3417.179572, 13.796509, 346.000000, -24.421011, 3858.238575
[13][65] = -865.543899, 3458.528531, 13.677856, 346.000000, -24.164177, 3897.037195
[13][66] = -876.000599, 3500.468061, 13.734985, 346.000000, -23.908814, 3936.035836
[13][67] = -886.958959, 3544.419643, 14.256348, 346.000000, -23.646598, 3975.834476
[13][68] = -897.549368, 3586.895456, 14.409058, 346.000000, -23.398290, 4015.233156
[13][69] = -909.025229, 3632.922618, 15.072998, 346.000000, -23.134723, 4056.731794
[13][70] = -920.310360, 3678.184808, 15.670166, 346.000000, -22.880954, 4097.730476
[13][71] = -931.961228, 3724.913886, 16.432251, 346.000000, -22.624433, 4139.729152
[13][72] = -943.745946, 3772.179807, 16.374146, 346.000000, -22.370453, 4184.427772
[13][73] = -955.790634, 3820.488415, 16.078735, 346.000000, -22.116403, 4230.826371
[13][74] = -968.159017, 3870.095286, 16.463745, 346.000000, -21.861171, 4276.725015
[13][75] = -980.947621, 3921.387577, 16.723145, 346.000000, -21.603094, 4324.623630
[13][76] = -993.814212, 3972.992654, 17.006836, 346.000000, -21.349237, 4372.822267
[13][77] = -1006.899880, 4025.476401, 17.435303, 346.000000, -21.096829, 4421.520920
[13][78] = -1020.584753, 4080.363430, 18.129272, 346.000000, -20.838888, 4471.819560
[13][79] = -1034.456825, 4136.001272, 17.964844, 346.000000, -20.583500, 4525.318147
[13][80] = -1048.584116, 4192.662740, 17.723022, 346.000000, -20.329500, 4580.116733
[13][81] = -1063.044336, 4250.659517, 18.024780, 346.000000, -20.075659, 4634.715358
[13][82] = -1077.938122, 4310.395228, 18.575317, 346.000000, -19.820487, 4690.313991
[13][83] = -1093.112728, 4371.257251, 19.538574, 346.000000, -19.566832, 4745.812657
[13][84] = -1108.595488, 4433.355207, 19.776123, 346.000000, -19.314378, 4804.711276
[13][85] = -1124.828936, 4498.464013, 20.069458, 346.000000, -19.056329, 4866.409866
[13][86] = -1141.130106, 4563.844432, 20.019287, 346.000000, -18.803803, 4929.508459
[13][87] = -1158.429456, 4633.228336, 19.638428, 346.000000, -18.542778, 4997.606981
[13][88] = -1175.625379, 4702.197416, 19.173462, 346.000000, -18.290156, 5065.705543
[14][0] = -383.609113, 1793.148245, -3.416260, 348.000000, -40.941775, 2460.517299
[14][1] = -387.032350, 1809.253308, -3.619385, 348.000000, -40.691272, 2473.316175
[14][2] = -390.664516, 1826.341307, -3.682251, 348.000000, -40.428236, 2486.715010
[14][3] = -394.215701, 1843.048315, -3.580688, 348.000000, -40.173778, 2499.613900
[14][4] = -397.865245, 1860.218071, -3.600708, 348.000000, -39.915031, 2513.112751
[14][5] = -401.492592, 1877.283399, -3.512817, 348.000000, -39.660596, 2526.411631
[14][6] = -405.160071, 1894.537529, -3.553955, 348.000000, -39.406088, 2540.110490
[14][7] = -408.884812, 1912.061057, -3.301636, 348.000000, -39.150393, 2553.609377
[14][8] = -412.654122, 1929.794268, -3.417969, 348.000000, -38.894461, 2567.908211
[14][9] = -416.463240, 1947.714757, -3.345337, 348.000000, -38.638673, 2582.107066
[14][10] = -420.294059, 1965.737343, -3.315063, 348.000000, -38.384278, 2596.505918
[14][11] = -424.207405, 1984.148188, -2.937378, 348.000000, -38.127314, 2610.704798
[14][12] = -428.146616, 2002.680723, -2.839966, 348.000000, -37.871584, 2625.503643
[14][13] = -432.105853, 2021.307466, -2.421387, 348.000000, -37.617478, 2639.902532
[14][14] = -436.157203, 2040.367568, -2.187134, 348.000000, -37.360453, 2655.001380
[14][15] = -440.235823, 2059.555970, -2.162231, 348.000000, -37.104713, 2670.600204
[14][16] = -444.357127, 2078.945178, -1.587646, 348.000000, -36.849327, 2685.499093
[14][17] = -448.532738, 2098.589886, -1.518921, 348.000000, -36.593637, 2701.497914
[14][18] = -452.777710, 2118.560909, -1.023315, 348.000000, -36.336813, 2717.096778
[14][19] = -457.033345, 2138.582095, -1.125366, 348.000000, -36.082447, 2733.795576
[14][20] = -461.335962, 2158.824320, -0.736328, 348.000000, -35.828386, 2749.894431
[14][21] = -465.741009, 2179.548435, -0.436768, 348.000000, -35.571470, 2766.593257
[14][22] = -470.177695, 2200.421401, -0.210938, 348.000000, -35.315925, 2783.592077
[14][23] = -474.646876, 2221.447243, -0.112793, 348.000000, -35.061721, 2800.990884
[14][24] = -479.199176, 2242.864130, -0.139771, 348.000000, -34.806051, 2818.989665
[14][25] = -483.830009, 2264.650490, 0.381592, 348.000000, -34.549296, 2836.388501
[14][26] = -488.500175, 2286.621894, 0.452637, 348.000000, -34.293700, 2854.787286
[14][27] = -493.178249, 2308.630500, 0.627808, 348.000000, -34.040981, 2873.086093
[14][28] = -498.022498, 2331.420900, 0.922607, 348.000000, -33.782718, 2891.884884
[14][29] = -502.878027, 2354.264369, 1.270142, 348.000000, -33.527298, 2910.683689
[14][30] = -507.773610, 2377.296275, 1.458618, 348.000000, -33.273205, 2929.982479
[14][31] = -512.734452, 2400.635201, 1.764160, 348.000000, -33.019182, 2949.381279
[14][32] = -517.818485, 2424.553696, 2.149414, 348.000000, -32.762397, 2969.180070
[14][33] = -522.948470, 2448.688380, 2.231323, 348.000000, -32.506867, 2989.778830
[14][34] = -528.120001, 2473.018519, 2.486450, 348.000000, -32.252837, 3010.277612
[14][35] = -533.426284, 2497.982619, 2.424072, 348.000000, -31.995847, 3031.976341
[14][36] = -538.744847, 2523.004488, 2.841431, 348.000000, -31.741912, 3052.875133
[14][37] = -544.350875, 2549.378776, 3.219360, 348.000000, -31.478134, 3075.073869
[14][38] = -549.858916, 2575.292072, 3.572021, 348.000000, -31.222774, 3096.972640
[14][39] = -555.450644, 2601.599083, 3.716431, 348.000000, -30.967318, 3119.671383
[14][40] = -561.094652, 2628.152055, 3.846802, 348.000000, -30.713267, 3142.670129
[14][41] = -566.822822, 2655.100974, 4.030273, 348.000000, -30.459248, 3165.968877
[14][42] = -572.734405, 2682.912787, 4.272583, 348.000000, -30.201050, 3189.967606
[14][43] = -578.640322, 2710.697942, 4.431274, 348.000000, -29.947032, 3214.166344
[14][44] = -584.637492, 2738.912409, 4.608398, 348.000000, -29.693028, 3238.765081
[14][45] = -590.760918, 2767.720861, 4.925659, 348.000000, -29.437689, 3263.663822
[14][46] = -596.982951, 2796.993227, 5.128784, 348.000000, -29.182304, 3289.262547
[14][47] = -603.303021, 2826.726816, 5.510498, 348.000000, -28.927002, 3314.961286
[14][48] = -609.654115, 2856.606366, 5.931763, 348.000000, -28.674529, 3340.760041
[14][49] = -616.216118, 2887.478162, 6.418945, 348.000000, -28.417876, 3367.358777
[14][50] = -622.851042, 2918.693028, 6.886108, 348.000000, -28.162620, 3394.357514
[14][51] = -629.524464, 2950.089008, 7.172119, 348.000000, -27.910098, 3421.956243
[14][52] = -636.422274, 2982.540654, 7.600464, 348.000000, -27.653429, 3450.254962
[14][53] = -643.437161, 3015.543100, 8.189697, 348.000000, -27.396828, 3478.753692
[14][54] = -650.495901, 3048.751862, 8.748535, 348.000000, -27.143023, 3507.552430
[14][55] = -657.677290, 3082.537642, 9.338989, 348.000000, -26.889232, 3536.851167
[14][56] = -665.064075, 3117.289732, 10.164062, 348.000000, -26.632727, 3566.549909
[14][57] = -672.509715, 3152.318714, 10.229004, 348.000000, -26.378732, 3598.248588
[14][58] = -680.386350, 3189.375368, 10.213135, 348.000000, -26.114888, 3632.047205
[14][59] = -687.893375, 3224.693142, 10.365845, 348.000000, -25.867954, 3663.945923
[14][60] = -695.798526, 3261.883957, 10.465210, 348.000000, -25.612585, 3697.744590
[14][61] = -703.848385, 3299.755566, 10.861206, 348.000000, -25.357331, 3731.543280
[14][62] = -712.052353, 3338.352199, 11.139038, 348.000000, -25.102037, 3766.341956
[14][63] = -720.454535, 3377.881356, 11.887573, 348.000000, -24.845512, 3800.940664
[14][64] = -728.976715, 3417.975065, 12.370483, 348.000000, -24.590295, 3836.739351
[14][65] = -737.617303, 3458.625832, 12.921997, 348.000000, -24.336507, 3872.938049
[14][66] = -746.582603, 3500.804253, 12.968750, 348.000000, -24.078333, 3911.836676
[14][67] = -755.576715, 3543.118225, 13.258301, 348.000000, -23.824458, 3950.335344
[14][68] = -764.805847, 3586.537874, 13.423706, 348.000000, -23.569140, 3990.233991
[14][69] = -774.219489, 3630.825578, 14.055054, 348.000000, -23.313983, 4029.832674
[14][70] = -783.831143, 3676.044857, 14.574219, 348.000000, -23.058788, 4070.631344
[14][71] = -793.646306, 3722.221567, 15.072266, 348.000000, -22.803586, 4112.430009
[14][72] = -803.945902, 3770.677359, 15.909180, 348.000000, -22.541480, 4155.528661
[14][73] = -813.905846, 3817.535210, 16.724121, 348.000000, -22.293396, 4197.227382
[14][74] = -824.385416, 3866.837710, 16.309692, 348.000000, -22.037906, 4244.525963
[14][75] = -835.394392, 3918.630871, 15.987183, 348.000000, -21.775437, 4294.024511
[14][76] = -846.413151, 3970.470054, 15.793213, 348.000000, -21.518629, 4343.323098
[14][77] = -857.619199, 4023.190366, 15.863647, 348.000000, -21.263309, 4392.821710
[14][78] = -869.080247, 4077.110360, 16.262085, 348.000000, -21.008091, 4442.620346
[14][79] = -880.682742, 4131.695806, 16.444214, 348.000000, -20.755616, 4493.718978
[14][80] = -892.756141, 4188.496683, 16.791870, 348.000000, -20.498983, 4546.517596
[14][81] = -905.054483, 4246.355832, 17.094727, 348.000000, -20.243742, 4600.516216
[14][82] = -917.515267, 4304.979211, 17.258667, 348.000000, -19.991269, 4655.714838
[14][83] = -930.413396, 4365.660137, 18.245239, 348.000000, -19.736222, 4710.513502
[14][84] = -943.649583, 4427.931502, 18.276001, 348.000000, -19.480909, 4769.712093
[14][85] = -957.148861, 4491.440611, 18.231323, 348.000000, -19.226982, 4830.410684
[14][86] = -970.919756, 4556.227579, 18.062500, 348.000000, -18.974429, 4892.809273
[14][87] = -985.284754, 4623.809582, 18.015869, 348.000000, -18.717705, 4957.607845
[14][88] = -999.873535, 4692.444399, 17.814331, 348.000000, -18.463750, 5024.006419
[15][0] = -321.975310, 1816.355284, -4.229370, 350.000000, -40.773800, 2470.116455
[15][1] = -324.900086, 1832.942516, -4.155273, 350.000000, -40.519302, 2482.815348
[15][2] = -327.888445, 1849.890342, -4.127808, 350.000000, -40.261975, 2495.914217
[15][3] = -330.894415, 1866.938045, -4.404175, 350.000000, -40.005856, 2509.613048
[15][4] = -333.930230, 1884.155005, -4.433350, 350.000000, -39.749934, 2523.111908
[15][5] = -337.099026, 1902.126141, -4.308350, 350.000000, -39.485701, 2537.010747
[15][6] = -340.081980, 1919.043313, -4.360229, 350.000000, -39.239639, 2550.409640
[15][7] = -343.335786, 1937.496565, -4.057983, 350.000000, -38.974154, 2564.508487
[15][8] = -346.489368, 1955.381415, -4.069824, 350.000000, -38.719715, 2578.707339
[15][9] = -349.709911, 1973.646025, -3.675537, 350.000000, -38.462751, 2592.606227
[15][10] = -352.933359, 1991.927104, -3.554810, 350.000000, -38.208428, 2607.005088
[15][11] = -356.191617, 2010.405605, -3.245239, 350.000000, -37.954241, 2621.303969
[15][12] = -359.523760, 2029.303125, -2.946411, 350.000000, -37.697247, 2636.002832
[15][13] = -362.878420, 2048.328348, -2.921143, 350.000000, -37.441494, 2651.301661
[15][14] = -366.270597, 2067.566340, -2.699829, 350.000000, -37.185879, 2666.500512
[15][15] = -369.704075, 2087.038564, -2.635742, 350.000000, -36.930176, 2682.199338
[15][16] = -373.063143, 2106.088785, -2.567261, 350.000000, -36.682920, 2697.598200
[15][17] = -376.575470, 2126.008180, -2.225952, 350.000000, -36.427411, 2713.297053
[15][18] = -380.130653, 2146.170623, -1.916504, 350.000000, -36.171890, 2729.295898
[15][19] = -383.869701, 2167.375818, -1.721069, 350.000000, -35.906477, 2746.394678
[15][20] = -387.515472, 2188.052013, -1.515503, 350.000000, -35.650914, 2763.093502
[15][21] = -391.204996, 2208.976345, -1.104370, 350.000000, -35.395480, 2779.692346
[15][22] = -394.922866, 2230.061434, -0.992798, 350.000000, -35.141286, 2796.991157
[15][23] = -398.748814, 2251.759462, -0.673584, 350.000000, -34.883005, 2814.489968
[15][24] = -402.561356, 2273.381461, -0.419678, 350.000000, -34.628910, 2832.088787
[15][25] = -406.422201, 2295.277401, -0.064453, 350.000000, -34.374878, 2849.787615
[15][26] = -410.356060, 2317.587426, 0.175781, 350.000000, -34.119386, 2868.086418
[15][27] = -414.361633, 2340.304158, 0.691162, 350.000000, -33.862646, 2886.285242
[15][28] = -418.379571, 2363.091019, 0.821289, 350.000000, -33.608513, 2905.284031
[15][29] = -422.452682, 2386.190778, 0.796509, 350.000000, -33.354307, 2924.882798
[15][30] = -426.624335, 2409.849396, 1.062622, 350.000000, -33.097455, 2944.481581
[15][31] = -430.807061, 2433.570817, 1.331665, 350.000000, -32.843421, 2964.180374
[15][32] = -435.071839, 2457.757572, 1.519165, 350.000000, -32.587946, 2984.479147
[15][33] = -439.394393, 2482.271995, 1.938965, 350.000000, -32.332598, 3004.677943
[15][34] = -443.777958, 2507.132429, 2.382690, 350.000000, -32.077266, 3025.176737
[15][35] = -448.201700, 2532.220719, 2.585938, 350.000000, -31.823223, 3046.375507
[15][36] = -452.687805, 2557.662682, 2.924561, 350.000000, -31.569253, 3067.674288
[15][37] = -457.314413, 2583.901481, 3.336182, 350.000000, -31.311112, 3089.573053
[15][38] = -461.909381, 2609.960840, 3.486938, 350.000000, -31.058466, 3111.871813
[15][39] = -466.599354, 2636.558996, 3.496460, 350.000000, -30.804356, 3134.970547
[15][40] = -471.383151, 2663.689257, 3.823486, 350.000000, -30.548999, 3157.969305
[15][41] = -476.240914, 2691.239001, 4.008789, 350.000000, -30.293582, 3181.668044
[15][42] = -481.363329, 2720.289659, 4.330444, 350.000000, -30.028406, 3206.466744
[15][43] = -486.320511, 2748.403234, 4.420654, 350.000000, -29.775765, 3230.965480
[15][44] = -491.408662, 2777.259574, 4.764038, 350.000000, -29.520437, 3255.664224
[15][45] = -496.551347, 2806.425192, 4.826660, 350.000000, -29.266392, 3281.262943
[15][46] = -501.802350, 2836.205111, 5.182861, 350.000000, -29.011079, 3306.861681
[15][47] = -507.139285, 2866.472372, 5.435791, 350.000000, -28.755725, 3333.160406
[15][48] = -512.532408, 2897.058289, 5.803223, 350.000000, -28.501828, 3359.559145
[15][49] = -518.013347, 2928.142243, 6.263428, 350.000000, -28.247975, 3386.257890
[15][50] = -523.617432, 2959.924588, 6.617065, 350.000000, -27.992676, 3413.856614
[15][51] = -529.348230, 2992.425558, 6.923096, 350.000000, -27.735957, 3442.255322
[15][52] = -535.114728, 3025.128991, 7.062134, 350.000000, -27.481980, 3471.254024
[15][53] = -540.978682, 3058.385128, 7.365356, 350.000000, -27.228076, 3500.452739
[15][54] = -547.009634, 3092.588358, 7.808716, 350.000000, -26.971424, 3530.251450
[15][55] = -553.079700, 3127.013413, 8.275879, 350.000000, -26.717591, 3560.250174
[15][56] = -559.290814, 3162.238387, 8.865112, 350.000000, -26.462404, 3590.748898
[15][57] = -565.825471, 3199.298268, 9.369751, 350.000000, -26.198765, 3623.147567
[15][58] = -572.054905, 3234.627146, 9.823120, 350.000000, -25.951948, 3654.146315
[15][59] = -578.582615, 3271.647630, 9.750244, 350.000000, -25.697918, 3687.944974
[15][60] = -585.484358, 3310.789358, 10.367920, 350.000000, -25.434329, 3722.143642
[15][61] = -592.141233, 3348.542374, 11.148193, 350.000000, -25.184833, 3754.742395
[15][62] = -599.046002, 3387.701263, 11.136597, 350.000000, -24.930838, 3790.541050
[15][63] = -606.080851, 3427.597877, 11.396118, 350.000000, -24.676946, 3826.439726
[15][64] = -613.328212, 3468.699701, 12.097168, 350.000000, -24.420408, 3862.438424
[15][65] = -620.726097, 3510.655194, 12.195557, 350.000000, -24.163657, 3900.737065
[15][66] = -628.226837, 3553.194005, 12.743530, 350.000000, -23.908470, 3938.535749
[15][67] = -636.091760, 3597.798197, 13.353516, 350.000000, -23.646289, 3978.134398
[15][68] = -643.682422, 3640.846979, 14.564331, 350.000000, -23.398343, 4014.833170
[15][69] = -651.919233, 3687.560255, 15.265137, 350.000000, -23.134787, 4056.231810
[15][70] = -660.026829, 3733.540722, 15.175537, 350.000000, -22.880791, 4099.030434
[15][71] = -668.390055, 3780.970933, 15.905151, 350.000000, -22.624261, 4141.129108
[15][72] = -676.848946, 3828.943687, 15.852661, 350.000000, -22.370286, 4185.827729
[15][73] = -685.492432, 3877.963333, 15.746948, 350.000000, -22.116298, 4231.726344
[15][74] = -694.369076, 3928.305280, 16.244995, 350.000000, -21.861102, 4277.324997
[15][75] = -703.546954, 3980.355614, 16.651001, 350.000000, -21.603072, 4324.823624
[15][76] = -712.793973, 4032.798065, 15.902100, 350.000000, -21.348901, 4375.922181
[15][77] = -722.193814, 4086.107210, 15.708862, 350.000000, -21.096311, 4426.420787
[15][78] = -731.965267, 4141.523877, 16.183350, 350.000000, -20.839715, 4477.119419
[15][79] = -741.968976, 4198.257728, 16.691528, 350.000000, -20.583129, 4529.018050
[15][80] = -752.104571, 4255.739542, 16.872925, 350.000000, -20.329255, 4582.616670
[15][81] = -762.485474, 4314.612568, 17.050415, 350.000000, -20.075383, 4637.615286
[15][82] = -773.178762, 4375.257219, 17.380493, 350.000000, -19.820153, 4693.913903
[15][83] = -784.082651, 4437.096248, 17.374756, 350.000000, -19.566235, 4752.412501
[15][84] = -795.262224, 4500.498754, 17.327148, 350.000000, -19.312309, 4812.611094
[15][85] = -806.858557, 4566.264829, 17.097046, 350.000000, -19.055534, 4875.709656
[15][86] = -818.560008, 4632.627054, 17.021606, 350.000000, -18.803013, 4939.008251
[15][87] = -830.974031, 4703.030479, 16.929932, 350.000000, -18.542076, 5006.306795
[15][88] = -843.322359, 4773.061327, 16.070557, 350.000000, -18.289364, 5075.805333
[16][0] = -256.128582, 1815.680297, -4.503784, 352.000000, -40.940964, 2462.217149
[16][1] = -258.419564, 1831.981478, -4.638062, 352.000000, -40.690522, 2474.916035
[16][2] = -260.851261, 1849.283904, -4.758545, 352.000000, -40.427454, 2488.414863
[16][3] = -263.230871, 1866.215707, -5.029663, 352.000000, -40.172737, 2501.913704
[16][4] = -265.670385, 1883.573755, -4.540527, 352.000000, -39.914364, 2514.612624
[16][5] = -268.098858, 1900.853238, -4.510132, 352.000000, -39.659897, 2528.011497
[16][6] = -270.553772, 1918.320854, -4.545898, 352.000000, -39.405401, 2541.710357
[16][7] = -273.047848, 1936.067128, -4.411621, 352.000000, -39.149633, 2555.409229
[16][8] = -275.570510, 1954.016804, -4.460693, 352.000000, -38.893755, 2569.608073
[16][9] = -278.120645, 1972.161955, -4.443237, 352.000000, -38.637939, 2583.906922
[16][10] = -280.684896, 1990.407547, -4.406982, 352.000000, -38.383556, 2598.305775
[16][11] = -283.303990, 2009.043373, -3.962891, 352.000000, -38.126644, 2612.404664
[16][12] = -285.940401, 2027.802409, -3.799805, 352.000000, -37.870963, 2627.103519
[16][13] = -288.591423, 2046.665414, -3.494751, 352.000000, -37.616791, 2641.702394
[16][14] = -291.304094, 2065.967071, -3.373047, 352.000000, -37.359703, 2657.001229
[16][15] = -294.032244, 2085.378865, -3.046387, 352.000000, -37.104161, 2672.100092
[16][16] = -296.794889, 2105.036110, -3.052856, 352.000000, -36.848422, 2687.998908
[16][17] = -299.588758, 2124.915515, -2.800781, 352.000000, -36.592854, 2703.697753
[16][18] = -302.431019, 2145.139257, -2.413208, 352.000000, -36.335973, 2719.496604
[16][19] = -305.278854, 2165.402653, -2.391724, 352.000000, -36.081691, 2735.995418
[16][20] = -308.159695, 2185.900903, -2.109375, 352.000000, -35.827575, 2752.294261
[16][21] = -311.107943, 2206.878774, -1.744507, 352.000000, -35.570706, 2768.893097
[16][22] = -314.078135, 2228.012793, -1.567139, 352.000000, -35.315141, 2785.991911
[16][23] = -317.084821, 2249.406475, -1.236938, 352.000000, -35.059673, 2803.090741
[16][24] = -320.113871, 2270.959283, -1.032593, 352.000000, -34.805547, 2820.589557
[16][25] = -323.213283, 2293.012747, -0.449951, 352.000000, -34.548831, 2837.888402
[16][26] = -326.339398, 2315.256209, -0.373535, 352.000000, -34.293244, 2856.287188
[16][27] = -329.470807, 2337.537347, -0.193237, 352.000000, -34.040533, 2874.585996
[16][28] = -332.712340, 2360.602049, 0.270142, 352.000000, -33.782365, 2893.084807
[16][29] = -335.964022, 2383.738967, 0.406006, 352.000000, -33.526836, 2912.283589
[16][30] = -339.241764, 2407.061319, 0.492920, 352.000000, -33.272695, 2931.782367
[16][31] = -342.582728, 2430.833506, 0.544556, 352.000000, -33.017140, 2951.781132
[16][32] = -345.968890, 2454.927301, 0.720581, 352.000000, -32.761658, 2971.879907
[16][33] = -349.400242, 2479.342645, 1.180054, 352.000000, -32.506329, 2991.778710
[16][34] = -352.861962, 2503.974057, 1.442627, 352.000000, -32.252309, 3012.277494
[16][35] = -356.411356, 2529.229311, 1.750488, 352.000000, -31.995510, 3033.276265
[16][36] = -359.971149, 2554.558556, 2.224121, 352.000000, -31.741607, 3054.075065
[16][37] = -363.584189, 2580.266667, 2.421753, 352.000000, -31.487573, 3075.773829
[16][38] = -367.412853, 2607.509030, 2.659546, 352.000000, -31.222332, 3098.772539
[16][39] = -371.153010, 2634.121631, 3.213013, 352.000000, -30.967077, 3120.671328
[16][40] = -374.929246, 2660.990942, 3.597046, 352.000000, -30.713149, 3143.170102
[16][41] = -378.763241, 2688.271235, 3.831909, 352.000000, -30.459155, 3166.368856
[16][42] = -382.720716, 2716.430133, 4.026611, 352.000000, -30.200936, 3190.467580
[16][43] = -386.673695, 2744.557045, 4.235962, 352.000000, -29.946942, 3214.566324
[16][44] = -390.688110, 2773.121089, 4.414673, 352.000000, -29.692940, 3239.165061
[16][45] = -394.787038, 2802.286479, 4.733276, 352.000000, -29.437603, 3264.063801
[16][46] = -398.951281, 2831.916604, 5.033203, 352.000000, -29.182262, 3289.462537
[16][47] = -403.184948, 2862.040709, 4.989868, 352.000000, -28.926775, 3316.061233
[16][48] = -407.438674, 2892.307545, 5.086670, 352.000000, -28.674164, 3342.559955
[16][49] = -411.855894, 2923.737694, 5.512207, 352.000000, -28.416085, 3369.458678
[16][50] = -416.273496, 2955.170571, 5.916382, 352.000000, -28.162211, 3396.457416
[16][51] = -420.742609, 2986.969961, 5.935547, 352.000000, -27.909583, 3424.656120
[16][52] = -425.361574, 3019.835605, 6.147217, 352.000000, -27.652830, 3453.454818
[16][53] = -430.029832, 3053.051983, 6.945068, 352.000000, -27.397724, 3481.353577
[16][54] = -434.784900, 3086.886053, 6.963013, 352.000000, -27.142303, 3511.552256
[16][55] = -439.591985, 3121.090238, 7.568848, 352.000000, -26.888526, 3540.850997
[16][56] = -444.540255, 3156.299011, 7.927002, 352.000000, -26.631846, 3571.649694
[16][57] = -449.520859, 3191.737848, 8.446411, 352.000000, -26.378038, 3602.348419
[16][58] = -454.788981, 3229.222482, 9.006958, 352.000000, -26.114424, 3634.847092
[16][59] = -459.811718, 3264.961112, 9.469360, 352.000000, -25.867613, 3666.045840
[16][60] = -465.102295, 3302.605528, 9.703735, 352.000000, -25.612299, 3699.544519
[16][61] = -470.490740, 3340.946303, 10.106689, 352.000000, -25.357051, 3733.343211
[16][62] = -475.979699, 3380.002277, 10.723877, 352.000000, -25.101884, 3767.341918
[16][63] = -481.606959, 3420.042312, 11.106323, 352.000000, -24.845229, 3802.840594
[16][64] = -487.316828, 3460.670141, 10.945190, 352.000000, -24.589785, 3840.239224
[16][65] = -493.107894, 3501.875716, 10.623291, 352.000000, -24.335695, 3878.637846
[16][66] = -499.103531, 3544.536891, 11.371704, 352.000000, -24.077776, 3915.836536
[16][67] = -505.159531, 3587.627574, 11.447510, 352.000000, -23.822431, 3955.135180
[16][68] = -511.302491, 3631.337005, 11.780029, 352.000000, -23.568581, 3994.433850
[16][69] = -517.605443, 3676.184837, 12.234497, 352.000000, -23.313371, 4034.532519
[16][70] = -524.037049, 3721.948093, 13.040894, 352.000000, -23.058279, 4074.631215
[16][71] = -530.641915, 3768.944155, 13.759766, 352.000000, -22.801753, 4116.129892
[16][72] = -537.541604, 3818.037995, 14.088135, 352.000000, -22.539488, 4160.628503
[16][73] = -544.172420, 3865.218704, 14.793579, 352.000000, -22.292779, 4202.427225
[16][74] = -551.185956, 3915.122603, 14.546997, 352.000000, -22.037350, 4249.325821
[16][75] = -558.589681, 3967.802844, 14.848267, 352.000000, -21.773681, 4297.424412
[16][76] = -565.922294, 4019.977098, 15.039429, 352.000000, -21.518397, 4345.423038
[16][77] = -573.422490, 4073.343760, 15.224854, 352.000000, -21.263116, 4394.621661
[16][78] = -581.099109, 4127.965745, 15.103882, 352.000000, -21.007745, 4445.920257
[16][79] = -588.867215, 4183.238691, 15.125977, 352.000000, -20.755228, 4497.518877
[16][80] = -596.949900, 4240.749986, 15.386475, 352.000000, -20.498576, 4550.617490
[16][81] = -605.181576, 4299.321405, 15.773682, 352.000000, -20.243364, 4604.416117
[16][82] = -613.522620, 4358.671015, 15.953613, 352.000000, -19.990901, 4659.614742
[16][83] = -622.165869, 4420.170927, 15.964355, 352.000000, -19.735588, 4717.413336
[16][84] = -631.030951, 4483.249266, 15.500977, 352.000000, -19.480149, 4778.211894
[16][85] = -640.069302, 4547.560472, 15.265625, 352.000000, -19.226182, 4839.610474
[16][86] = -649.289143, 4613.163050, 14.943115, 352.000000, -18.973600, 4902.609054
[16][87] = -658.900129, 4681.548768, 15.408447, 352.000000, -18.717022, 4965.907664
[16][88] = -668.655330, 4750.960627, 16.264160, 352.000000, -18.463350, 5029.006313
[17][0] = -193.020641, 1834.497457, -4.611938, 354.000000, -40.773518, 2470.716402
[17][1] = -194.781535, 1851.251243, -4.599243, 354.000000, -40.518978, 2483.515287
[17][2] = -196.579100, 1868.353931, -4.317017, 354.000000, -40.261838, 2496.214192
[17][3] = -198.387600, 1885.560663, -4.404175, 354.000000, -40.005856, 2509.613048
[17][4] = -200.214079, 1902.938447, -4.246216, 354.000000, -39.750065, 2522.811933
[17][5] = -202.122813, 1921.098836, -4.370483, 354.000000, -39.485658, 2537.110739
[17][6] = -203.916859, 1938.168044, -4.113037, 354.000000, -39.239809, 2550.009673
[17][7] = -205.877680, 1956.824006, -4.242065, 354.000000, -38.974029, 2564.808463
[17][8] = -207.775374, 1974.879365, -4.130981, 354.000000, -38.719674, 2578.807331
[17][9] = -209.714608, 1993.329941, -3.857910, 354.000000, -38.462630, 2592.906203
[17][10] = -211.654974, 2011.791295, -3.736206, 354.000000, -38.208309, 2607.305065
[17][11] = -213.616901, 2030.457774, -3.545776, 354.000000, -37.954046, 2621.803931
[17][12] = -215.622393, 2049.538760, -3.185425, 354.000000, -37.697093, 2636.402801
[17][13] = -217.641144, 2068.745891, -3.039917, 354.000000, -37.441419, 2651.501646
[17][14] = -219.683080, 2088.173617, -2.817993, 354.000000, -37.185805, 2666.700497
[17][15] = -221.738712, 2107.731650, -2.804688, 354.000000, -36.931477, 2682.399323
[17][16] = -223.774825, 2127.103967, -3.267822, 354.000000, -36.682491, 2698.798112
[17][17] = -225.897578, 2147.300612, -2.289673, 354.000000, -36.425967, 2713.497039
[17][18] = -228.027078, 2167.561452, -2.204956, 354.000000, -36.171718, 2729.795862
[17][19] = -230.277521, 2188.972985, -1.950317, 354.000000, -35.906341, 2746.794650
[17][20] = -232.472395, 2209.855818, -1.800537, 354.000000, -35.650747, 2763.593467
[17][21] = -234.681590, 2230.874903, -1.498169, 354.000000, -35.396657, 2780.292305
[17][22] = -236.931302, 2252.279491, -1.274048, 354.000000, -35.141125, 2797.491122
[17][23] = -239.233209, 2274.180665, -0.729614, 354.000000, -34.882973, 2814.589961
[17][24] = -241.528754, 2296.021317, -0.586182, 354.000000, -34.628816, 2832.388767
[17][25] = -243.852243, 2318.127841, -0.119751, 354.000000, -34.374848, 2849.887608
[17][26] = -246.233343, 2340.782490, 0.123169, 354.000000, -34.117953, 2868.286405
[17][27] = -248.633380, 2363.617326, 0.255249, 354.000000, -33.862410, 2887.085191
[17][28] = -251.050600, 2386.615630, 0.658813, 354.000000, -33.608426, 2905.584012
[17][29] = -253.514931, 2410.062180, 0.855225, 354.000000, -33.352934, 2924.882798
[17][30] = -256.014950, 2433.848271, 0.635742, 354.000000, -33.097231, 2945.281532
[17][31] = -258.532756, 2457.803594, 0.907593, 354.000000, -32.843201, 2964.980325
[17][32] = -261.099133, 2482.221038, 1.255859, 354.000000, -32.587811, 2984.979117
[17][33] = -263.701929, 2506.984992, 1.520630, 354.000000, -32.332385, 3005.477895
[17][34] = -266.341446, 2532.098312, 1.811401, 354.000000, -32.076979, 3026.276673
[17][35] = -269.004059, 2557.431389, 2.070190, 354.000000, -31.822967, 3047.375449
[17][36] = -271.703946, 2583.119095, 2.515137, 354.000000, -31.569052, 3068.474243
[17][37] = -274.474561, 2609.479735, 2.764648, 354.000000, -31.312238, 3090.572997
[17][38] = -277.254373, 2635.927885, 3.184204, 354.000000, -31.058321, 3112.471780
[17][39] = -280.076723, 2662.780749, 3.346069, 354.000000, -30.804284, 3135.270531
[17][40] = -282.955292, 2690.168505, 3.873169, 354.000000, -30.549023, 3157.869310
[17][41] = -285.880243, 2717.997549, 3.910034, 354.000000, -30.293536, 3181.868033
[17][42] = -288.962917, 2747.327232, 4.379395, 354.000000, -30.028429, 3206.366749
[17][43] = -291.946920, 2775.718129, 4.469238, 354.000000, -29.775787, 3230.865485
[17][44] = -295.011329, 2804.874031, 4.522949, 354.000000, -29.520329, 3256.164199
[17][45] = -298.105169, 2834.309957, 4.922241, 354.000000, -29.266434, 3281.062953
[17][46] = -301.249941, 2864.230461, 5.018555, 354.000000, -29.012410, 3307.061672
[17][47] = -304.477346, 2894.937168, 5.765137, 354.000000, -28.755868, 3332.460439
[17][48] = -307.724803, 2925.834654, 5.943115, 354.000000, -28.501888, 3359.259159
[17][49] = -311.024858, 2957.232578, 6.263428, 354.000000, -28.247975, 3386.257890
[17][50] = -314.399804, 2989.343048, 6.341553, 354.000000, -27.992560, 3414.456586
[17][51] = -317.851271, 3022.181562, 6.331177, 354.000000, -27.735712, 3443.555263
[17][52] = -321.321671, 3055.200217, 6.610596, 354.000000, -27.481796, 3472.253980
[17][53] = -324.852010, 3088.789145, 6.828125, 354.000000, -27.227859, 3501.652687
[17][54] = -328.482113, 3123.327268, 7.320679, 354.000000, -26.971229, 3531.351403
[17][55] = -332.135510, 3158.087021, 7.880005, 354.000000, -26.717434, 3561.150136
[17][56] = -335.875073, 3193.666582, 8.341797, 354.000000, -26.462199, 3591.948848
[17][57] = -339.807382, 3231.080007, 9.067139, 354.000000, -26.198648, 3623.847538
[17][58] = -343.537924, 3266.573739, 9.144775, 354.000000, -25.953093, 3655.546259
[17][59] = -347.640966, 3305.611582, 9.289795, 354.000000, -25.687922, 3690.344880
[17][60] = -351.643133, 3343.689651, 9.737549, 354.000000, -25.434095, 3723.643584
[17][61] = -355.652254, 3381.833891, 10.190552, 354.000000, -25.184481, 3757.042307
[17][62] = -359.805876, 3421.352968, 10.641602, 354.000000, -24.930658, 3791.741005
[17][63] = -364.039793, 3461.635998, 11.028442, 354.000000, -24.676814, 3827.339694
[17][64] = -368.405334, 3503.171339, 11.247559, 354.000000, -24.420106, 3864.538349
[17][65] = -372.858762, 3545.542877, 11.314209, 354.000000, -24.163349, 3902.936988
[17][66] = -377.376556, 3588.526822, 11.434570, 354.000000, -23.908018, 3941.835636
[17][67] = -382.113315, 3633.594074, 11.665527, 354.000000, -23.645713, 3982.434253
[17][68] = -386.660643, 3676.859002, 12.221680, 354.000000, -23.398955, 4020.632978
[17][69] = -391.646315, 3724.294511, 12.727173, 354.000000, -23.133941, 4062.831596
[17][70] = -396.525468, 3770.716547, 12.854126, 354.000000, -22.880028, 4105.130240
[17][71] = -401.562395, 3818.639707, 13.194214, 354.000000, -22.623381, 4148.328884
[17][72] = -406.653256, 3867.076017, 13.319580, 354.000000, -22.369474, 4192.627522
[17][73] = -411.856926, 3916.585627, 13.130737, 354.000000, -22.115472, 4238.826132
[17][74] = -417.201919, 3967.439833, 13.402344, 354.000000, -21.860216, 4285.124769
[17][75] = -422.727992, 4020.016908, 13.624023, 354.000000, -21.602141, 4333.223385
[17][76] = -428.287522, 4072.912307, 13.906738, 354.000000, -21.348296, 4381.522024
[17][77] = -433.942908, 4126.719707, 14.158569, 354.000000, -21.095847, 4430.820667
[17][78] = -439.823677, 4182.671489, 14.825195, 354.000000, -20.839314, 4481.019315
[17][79] = -445.816638, 4239.690699, 14.697144, 354.000000, -20.583951, 4534.517907
[17][80] = -451.953481, 4298.078863, 14.560547, 354.000000, -20.328591, 4589.416497
[17][81] = -458.204888, 4357.557032, 14.395874, 354.000000, -20.074632, 4645.515090
[17][82] = -464.649987, 4418.878050, 13.596680, 354.000000, -19.819098, 4705.313627
[17][83] = -471.217340, 4481.362240, 13.113037, 354.000000, -19.565065, 4765.412194
[17][84] = -477.911423, 4545.052182, 12.815186, 354.000000, -19.312492, 4826.210781
[17][85] = -484.926338, 4611.794639, 13.069824, 354.000000, -19.054461, 4888.309373
[17][86] = -491.969090, 4678.801950, 13.171875, 354.000000, -18.802003, 4951.207984
[17][87] = -499.436356, 4749.848243, 13.847778, 354.000000, -18.541279, 5016.206585
[17][88] = -506.901296, 4820.872399, 14.342773, 354.000000, -18.287522, 5081.805209
[18][0] = -127.377279, 1829.181284, -3.864014, 356.000000, -40.941441, 2461.217237
[18][1] = -128.525798, 1845.605878, -4.065063, 356.000000, -40.690943, 2474.016114
[18][2] = -129.744844, 1863.039052, -4.252197, 356.000000, -40.427822, 2487.614932
[18][3] = -130.936929, 1880.086651, -4.336548, 356.000000, -40.173234, 2500.813798
[18][4] = -132.160524, 1897.584885, -4.101929, 356.000000, -39.914675, 2513.912683
[18][5] = -133.377525, 1914.988809, -4.011597, 356.000000, -39.660246, 2527.211564
[18][6] = -134.607364, 1932.576319, -3.863770, 356.000000, -39.405873, 2540.610448
[18][7] = -135.857669, 1950.456512, -3.795044, 356.000000, -39.150055, 2554.409311
[18][8] = -137.128505, 1968.630310, -3.676758, 356.000000, -38.892880, 2568.408170
[18][9] = -138.399262, 1986.802987, -3.528198, 356.000000, -38.638551, 2582.407042
[18][10] = -139.683925, 2005.174525, -3.314941, 356.000000, -38.384278, 2596.505918
[18][11] = -140.997703, 2023.962429, -3.178589, 356.000000, -38.127156, 2611.104766
[18][12] = -142.318739, 2042.854123, -2.899902, 356.000000, -37.871545, 2625.603635
[18][13] = -143.656327, 2061.982527, -3.027222, 356.000000, -37.615685, 2641.002448
[18][14] = -145.007766, 2081.308994, -2.661377, 356.000000, -37.360153, 2655.801320
[18][15] = -146.375184, 2100.863984, -2.339111, 356.000000, -37.104602, 2670.900182
[18][16] = -147.759499, 2120.660609, -2.232422, 356.000000, -36.848928, 2686.599012
[18][17] = -149.160643, 2140.697905, -2.218018, 356.000000, -36.593210, 2702.697826
[18][18] = -150.586034, 2161.081948, -2.065796, 356.000000, -36.336182, 2718.896648
[18][19] = -152.012658, 2181.483624, -1.816040, 356.000000, -36.082034, 2734.995490
[18][20] = -153.464843, 2202.250838, -1.598389, 356.000000, -35.826472, 2751.494318
[18][21] = -154.934723, 2223.271091, -1.289795, 356.000000, -35.570972, 2768.093152
[18][22] = -156.422687, 2244.549980, -0.888916, 356.000000, -35.315533, 2784.791994
[18][23] = -157.930283, 2266.109608, -0.731567, 356.000000, -35.059962, 2802.190802
[18][24] = -159.447756, 2287.810479, -0.307007, 356.000000, -34.805956, 2819.289645
[18][25] = -161.001823, 2310.034670, 0.104492, 356.000000, -34.549141, 2836.888468
[18][26] = -162.567203, 2332.420640, 0.617920, 356.000000, -34.293792, 2854.487306
[18][27] = -164.145331, 2354.988929, 0.848999, 356.000000, -34.039698, 2872.786113
[18][28] = -165.762602, 2378.116983, 0.922607, 356.000000, -33.782718, 2891.884884
[18][29] = -167.391496, 2401.411247, 1.324097, 356.000000, -33.527327, 2910.583696
[18][30] = -169.034383, 2424.905636, 1.404907, 356.000000, -33.273177, 2930.082473
[18][31] = -170.709142, 2448.855804, 1.397217, 356.000000, -33.017585, 2950.181230
[18][32] = -172.406187, 2473.124678, 1.620361, 356.000000, -32.762123, 2970.180010
[18][33] = -174.127341, 2497.738325, 1.705688, 356.000000, -32.506598, 2990.778770
[18][34] = -175.862798, 2522.556509, 1.860107, 356.000000, -32.252520, 3011.477541
[18][35] = -177.642196, 2548.003088, 2.061401, 356.000000, -31.995666, 3032.676300
[18][36] = -179.427703, 2573.537029, 2.172729, 356.000000, -31.741581, 3054.175059
[18][37] = -181.248674, 2599.578122, 2.382568, 356.000000, -31.486149, 3075.973818
[18][38] = -183.156925, 2626.867391, 2.811646, 356.000000, -31.222406, 3098.472556
[18][39] = -185.043690, 2653.849392, 2.874756, 356.000000, -30.965512, 3121.471285
[18][40] = -186.937275, 2680.928907, 3.062256, 356.000000, -30.711492, 3144.370037
[18][41] = -188.848809, 2708.265120, 3.187378, 356.000000, -30.458854, 3167.668786
[18][42] = -190.831842, 2736.623814, 3.534424, 356.000000, -30.200709, 3191.467528
[18][43] = -192.813152, 2764.957864, 3.747559, 356.000000, -29.946719, 3215.566272
[18][44] = -194.826127, 2793.744751, 3.687744, 356.000000, -29.692612, 3240.664984
[18][45] = -196.880413, 2823.122408, 4.060181, 356.000000, -29.437302, 3265.463731
[18][46] = -198.967957, 2852.975679, 4.270142, 356.000000, -29.181925, 3291.062458
[18][47] = -201.087530, 2883.286985, 4.895142, 356.000000, -28.926734, 3316.261223
[18][48] = -203.230753, 2913.936506, 5.203979, 356.000000, -28.672811, 3342.459959
[18][49] = -205.433415, 2945.436045, 5.465698, 356.000000, -28.416065, 3369.558673
[18][50] = -207.647268, 2977.095604, 5.962646, 356.000000, -28.162230, 3396.357421
[18][51] = -209.898706, 3009.292679, 6.282837, 356.000000, -27.908324, 3424.056147
[18][52] = -212.200702, 3042.212757, 6.646606, 356.000000, -27.653036, 3452.354867
[18][53] = -214.555616, 3075.889586, 6.884033, 356.000000, -27.396296, 3481.653564
[18][54] = -216.924727, 3109.769463, 7.230835, 356.000000, -27.142411, 3510.952283
[18][55] = -219.335322, 3144.242575, 7.524658, 356.000000, -26.888509, 3540.950992
[18][56] = -221.815835, 3179.715558, 7.795410, 356.000000, -26.631794, 3571.949682
[18][57] = -224.327354, 3215.631957, 8.002197, 356.000000, -26.376462, 3603.548369
[18][58] = -226.955383, 3253.214523, 8.188721, 356.000000, -26.114110, 3636.747015
[18][59] = -229.474043, 3289.233035, 8.359375, 356.000000, -25.867192, 3668.645737
[18][60] = -232.126111, 3327.159377, 8.519287, 356.000000, -25.611855, 3702.344410
[18][61] = -234.827066, 3365.784832, 8.891357, 356.000000, -25.356601, 3736.243100
[18][62] = -237.578567, 3405.133133, 9.436890, 356.000000, -25.101413, 3770.441802
[18][63] = -240.414294, 3445.685911, 9.914429, 356.000000, -24.843395, 3805.940479
[18][64] = -243.275659, 3486.605341, 9.969971, 356.000000, -24.588034, 3842.839130
[18][65] = -246.160253, 3527.856949, 10.179565, 356.000000, -24.335538, 3879.737807
[18][66] = -249.166043, 3570.841749, 10.772705, 356.000000, -24.077567, 3917.336484
[18][67] = -252.199471, 3614.221804, 11.328979, 356.000000, -23.822390, 3955.435169
[18][68] = -255.279428, 3658.267228, 11.427979, 356.000000, -23.568461, 3995.333820
[18][69] = -258.439408, 3703.457053, 11.692261, 356.000000, -23.313189, 4035.932473
[18][70] = -261.665005, 3749.585239, 12.044189, 356.000000, -23.057949, 4077.231132
[18][71] = -264.973391, 3796.897366, 13.266724, 356.000000, -22.801592, 4117.429851
[18][72] = -268.432139, 3846.359770, 13.487671, 356.000000, -22.539294, 4162.228454
[18][73] = -271.756445, 3893.899556, 14.013794, 356.000000, -22.292530, 4204.527161
[18][74] = -275.290072, 3944.432773, 14.053711, 356.000000, -22.035792, 4250.925773
[18][75] = -278.984263, 3997.262166, 13.722656, 356.000000, -21.773331, 4300.524323
[18][76] = -282.661908, 4049.854936, 13.387817, 356.000000, -21.517892, 4350.022908
[18][77] = -286.441921, 4103.911647, 13.619263, 356.000000, -21.261228, 4399.421528
[18][78] = -290.266901, 4158.611404, 13.910767, 356.000000, -21.007390, 4449.320165
[18][79] = -294.180578, 4214.579600, 14.324951, 356.000000, -20.753590, 4500.118808
[18][80] = -298.233564, 4272.539995, 14.323242, 356.000000, -20.496865, 4554.017402
[18][81] = -302.341768, 4331.290048, 13.707520, 356.000000, -20.242775, 4610.515964
[18][82] = -306.526546, 4391.135170, 13.042114, 356.000000, -19.990083, 4668.314528
[18][83] = -310.860889, 4453.119159, 12.625732, 356.000000, -19.734664, 4727.513094
[18][84] = -315.304208, 4516.661580, 12.203979, 356.000000, -19.479250, 4788.311658
[18][85] = -319.834222, 4581.443804, 12.041870, 356.000000, -19.225316, 4849.610246
[18][86] = -324.478163, 4647.855254, 12.412598, 356.000000, -18.971528, 4910.908870
[18][87] = -329.269142, 4716.369443, 12.958008, 356.000000, -18.716384, 4973.707495
[18][88] = -334.190125, 4786.742783, 13.030273, 356.000000, -18.461117, 5039.806086
[19][0] = -63.107841, 1843.444640, -3.700317, 358.000000, -40.775598, 2469.216534
[19][1] = -63.722003, 1861.031938, -3.775024, 358.000000, -40.509735, 2482.715356
[19][2] = -64.299101, 1877.557836, -3.370483, 358.000000, -40.262522, 2494.714320
[19][3] = -64.903032, 1894.852167, -3.525391, 358.000000, -40.006482, 2508.213167
[19][4] = -65.512541, 1912.306230, -3.184448, 358.000000, -39.750813, 2521.112076
[19][5] = -66.149728, 1930.552885, -3.252441, 358.000000, -39.486436, 2535.310888
[19][6] = -66.748832, 1947.708952, -3.062622, 358.000000, -39.240532, 2548.309812
[19][7] = -67.378670, 1965.745153, -2.917480, 358.000000, -38.984769, 2562.108682
[19][8] = -68.036500, 1984.582967, -2.725464, 358.000000, -38.720619, 2576.507516
[19][9] = -68.684284, 2003.133052, -2.642456, 358.000000, -38.463437, 2590.906363
[19][10] = -69.332137, 2021.685129, -2.527466, 358.000000, -38.209103, 2605.305222
[19][11] = -69.987187, 2040.443321, -2.343994, 358.000000, -37.954826, 2619.804086
[19][12] = -70.657286, 2059.632435, -2.289185, 358.000000, -37.697669, 2634.902917
[19][13] = -71.331005, 2078.925246, -1.970703, 358.000000, -37.442097, 2649.701783
[19][14] = -72.012967, 2098.454059, -1.873047, 358.000000, -37.186397, 2665.100617
[19][15] = -72.699103, 2118.102433, -1.747559, 358.000000, -36.932132, 2680.599457
[19][16] = -73.377840, 2137.538922, -1.574829, 358.000000, -36.683529, 2695.898325
[19][17] = -74.087664, 2157.865628, -1.245117, 358.000000, -36.426601, 2711.697170
[19][18] = -74.802330, 2178.330985, -0.998413, 358.000000, -36.171036, 2727.796006
[19][19] = -75.550038, 2199.742544, -0.918579, 358.000000, -35.906953, 2744.994778
[19][20] = -76.283151, 2220.736151, -0.945923, 358.000000, -35.651248, 2762.093572
[19][21] = -77.024382, 2241.962211, -0.368286, 358.000000, -35.395907, 2778.392436
[19][22] = -77.775948, 2263.484241, -0.375366, 358.000000, -35.140235, 2795.991225
[19][23] = -78.540346, 2285.373757, 0.164917, 358.000000, -34.883481, 2812.990069
[19][24] = -79.306496, 2307.313412, 0.469360, 358.000000, -34.629408, 2830.488894
[19][25] = -80.082542, 2329.536476, 0.763672, 358.000000, -34.375338, 2848.287714
[19][26] = -80.877071, 2352.288796, 1.274780, 358.000000, -34.118585, 2866.186541
[19][27] = -81.677927, 2375.222306, 1.671753, 358.000000, -33.863179, 2884.485358
[19][28] = -82.484894, 2398.330824, 2.120117, 358.000000, -33.609211, 2902.884183
[19][29] = -83.307592, 2421.889825, 2.360474, 358.000000, -33.353734, 2922.082973
[19][30] = -84.141563, 2445.771607, 2.557983, 358.000000, -33.098241, 2941.681754
[19][31] = -84.982762, 2469.860390, 2.498535, 358.000000, -32.844027, 2961.980508
[19][32] = -85.840355, 2494.418643, 2.414551, 358.000000, -32.588406, 2982.779249
[19][33] = -86.709555, 2519.309284, 2.566772, 358.000000, -32.332916, 3003.478014
[19][34] = -87.586604, 2544.424685, 2.477173, 358.000000, -32.078717, 3024.876755
[19][35] = -88.480994, 2570.036669, 2.431152, 358.000000, -31.823146, 3046.675490
[19][36] = -89.382333, 2595.847626, 2.924683, 358.000000, -31.569253, 3067.674288
[19][37] = -90.307287, 2622.334837, 3.222046, 358.000000, -31.312461, 3089.673047
[19][38] = -91.235847, 2648.925326, 3.385986, 358.000000, -31.058417, 3112.071802
[19][39] = -92.177984, 2675.904606, 3.646484, 358.000000, -30.804427, 3134.670563
[19][40] = -93.139424, 2703.436640, 3.972534, 358.000000, -30.549069, 3157.669321
[19][41] = -94.115288, 2731.381738, 4.403320, 358.000000, -30.293765, 3180.868086
[19][42] = -95.140377, 2760.736446, 4.116943, 358.000000, -30.029712, 3206.766728
[19][43] = -96.141248, 2789.397628, 4.712280, 358.000000, -29.775897, 3230.365510
[19][44] = -97.163770, 2818.678826, 5.101318, 358.000000, -29.520588, 3254.964259
[19][45] = -98.196731, 2848.258959, 5.496216, 358.000000, -29.266689, 3279.863012
[19][46] = -99.246177, 2878.311158, 5.872803, 358.000000, -29.012785, 3305.261760
[19][47] = -100.324251, 2909.183174, 6.329956, 358.000000, -28.756113, 3331.260497
[19][48] = -101.408673, 2940.236962, 6.410034, 358.000000, -28.502089, 3358.259207
[19][49] = -102.510140, 2971.778843, 6.911621, 358.000000, -28.248250, 3384.857956
[19][50] = -103.636785, 3004.041737, 7.076294, 358.000000, -27.992868, 3412.856660
[19][51] = -104.788383, 3037.019172, 7.469482, 358.000000, -27.736183, 3441.055376
[19][52] = -105.946901, 3070.194794, 7.829590, 358.000000, -27.482295, 3469.554100
[19][53] = -107.119088, 3103.761849, 8.007080, 358.000000, -27.229739, 3498.852809
[19][54] = -108.337695, 3138.658188, 8.474487, 358.000000, -26.971690, 3528.751514
[19][55] = -109.558830, 3173.626913, 8.319946, 358.000000, -26.717608, 3560.150178
[19][56] = -110.807717, 3209.390354, 8.603516, 358.000000, -26.462302, 3591.348873
[19][57] = -112.121458, 3247.010979, 8.894409, 358.000000, -26.198581, 3624.247522
[19][58] = -113.367411, 3282.690408, 8.759277, 358.000000, -25.952946, 3656.446223
[19][59] = -114.737148, 3321.914535, 8.992798, 358.000000, -25.687810, 3691.044852
[19][60] = -116.073455, 3360.181361, 9.401245, 358.000000, -25.433969, 3724.443553
[19][61] = -117.411918, 3398.509928, 9.899048, 358.000000, -25.184374, 3757.742281
[19][62] = -118.799123, 3438.234270, 10.146606, 358.000000, -24.930478, 3792.940961
[19][63] = -120.213133, 3478.726242, 10.333862, 358.000000, -24.676565, 3829.039632
[19][64] = -121.670923, 3520.471879, 10.438354, 358.000000, -24.419819, 3866.538277
[19][65] = -123.157563, 3563.043684, 10.633057, 358.000000, -24.163110, 3904.636928
[19][66] = -124.665695, 3606.230937, 10.879272, 358.000000, -23.907826, 3943.235588
[19][67] = -126.247506, 3651.528074, 10.959106, 358.000000, -23.645472, 3984.234192
[19][68] = -127.765582, 3695.000076, 11.599854, 358.000000, -23.398746, 4022.232925
[19][69] = -129.429849, 3742.658439, 12.265869, 358.000000, -23.133787, 4064.031557
[19][70] = -131.058957, 3789.309992, 12.359497, 358.000000, -22.879865, 4106.430199
[19][71] = -132.740015, 3837.449197, 13.005981, 358.000000, -22.623320, 4148.828868
[19][72] = -134.437954, 3886.071808, 13.952881, 358.000000, -22.369677, 4190.927574
[19][73] = -136.174531, 3935.800876, 14.125732, 358.000000, -22.115786, 4236.126213
[19][74] = -137.959901, 3986.927184, 14.021973, 358.000000, -21.860409, 4283.424819
[19][75] = -139.803804, 4039.729639, 14.741089, 358.000000, -21.602484, 4330.123473
[19][76] = -141.660560, 4092.900180, 14.761963, 358.000000, -21.348555, 4379.122091
[19][77] = -143.548759, 4146.971126, 15.004150, 358.000000, -21.096100, 4428.420732
[19][78] = -145.513481, 4203.233393, 15.103882, 358.000000, -20.839396, 4480.219336
[19][79] = -147.513194, 4260.497703, 15.488770, 358.000000, -20.584181, 4532.217967
[19][80] = -149.563012, 4319.196801, 14.968628, 358.000000, -20.328708, 4588.216527
[19][81] = -151.651627, 4379.006914, 14.194214, 358.000000, -20.074575, 4646.115075
[19][82] = -153.803093, 4440.616840, 13.563354, 358.000000, -19.819089, 4705.413625
[19][83] = -155.994673, 4503.375486, 13.539062, 358.000000, -19.565182, 4764.112225
[19][84] = -158.230058, 4567.388518, 13.074219, 358.000000, -19.312562, 4825.410799
[19][85] = -160.572636, 4634.471178, 13.133789, 358.000000, -19.054478, 4888.109378
[19][86] = -162.923493, 4701.790931, 13.456055, 358.000000, -18.802077, 4950.308004
[19][87] = -165.418265, 4773.231854, 13.474243, 358.000000, -18.541183, 5017.406559
[19][88] = -167.815456, 4841.878399, 12.980103, 358.000000, -18.296994, 5083.605172
[20][0] = 2.000000, 1833.677396, -3.416260, 360.000000, -40.941775, 2460.517299
[20][1] = 2.000000, 1850.123655, -3.237671, 360.000000, -40.691553, 2472.716227
[20][2] = 2.000000, 1867.596622, -3.365479, 360.000000, -40.428467, 2486.215053
[20][3] = 2.000000, 1884.673917, -3.202637, 360.000000, -40.174049, 2499.013952
[20][4] = 2.000000, 1902.215227, -2.973877, 360.000000, -39.915476, 2512.112836
[20][5] = 2.000000, 1919.759691, -2.905273, 360.000000, -39.659617, 2525.511707
[20][6] = 2.000000, 1937.301794, -2.933838, 360.000000, -39.406518, 2539.110573
[20][7] = 2.000000, 1955.225932, -2.869873, 360.000000, -39.150689, 2552.909434
[20][8] = 2.000000, 1973.438455, -2.633911, 360.000000, -38.893586, 2566.708308
[20][9] = 2.000000, 1991.661698, -2.613281, 360.000000, -38.639164, 2580.907162
[20][10] = 2.000000, 2010.072492, -2.283813, 360.000000, -38.384961, 2594.806052
[20][11] = 2.000000, 2029.013554, -2.224487, 360.000000, -38.126375, 2609.604884
[20][12] = 2.000000, 2047.850452, -2.000122, 360.000000, -37.872127, 2624.103752
[20][13] = 2.000000, 2067.011440, -1.834473, 360.000000, -37.616448, 2639.002601
[20][14] = 2.000000, 2086.385397, -1.475586, 360.000000, -37.360903, 2653.801471
[20][15] = 2.000000, 2106.094395, -1.109009, 360.000000, -37.103967, 2668.900332
[20][16] = 2.000000, 2125.949438, -1.184448, 360.000000, -36.848171, 2684.899138
[20][17] = 2.000000, 2145.925886, -1.169434, 360.000000, -36.593851, 2700.897958
[20][18] = 2.000000, 2166.359973, -1.023315, 360.000000, -36.336813, 2717.096778
[20][19] = 2.000000, 2186.928477, -0.841919, 360.000000, -36.081212, 2733.395604
[20][20] = 2.000000, 2207.638216, -0.739990, 360.000000, -35.826979, 2749.994424
[20][21] = 2.000000, 2228.826721, -0.439697, 360.000000, -35.570064, 2766.693250
[20][22] = 2.000000, 2250.057516, -0.380371, 360.000000, -35.315827, 2783.892056
[20][23] = 2.000000, 2271.658978, -0.001465, 360.000000, -35.060379, 2800.890890
[20][24] = 2.000000, 2293.410272, 0.473999, 360.000000, -34.806398, 2817.889739
[20][25] = 2.000000, 2315.688898, 0.880615, 360.000000, -34.549575, 2835.488561
[20][26] = 2.000000, 2338.151274, 0.948364, 360.000000, -34.293975, 2853.887345
[20][27] = 2.000000, 2360.758629, 1.505859, 360.000000, -34.040057, 2871.586191
[20][28] = 2.000000, 2384.035934, 2.284790, 360.000000, -33.782051, 2889.485037
[20][29] = 2.000000, 2407.246619, 2.944214, 360.000000, -33.528195, 2907.583885
[20][30] = 2.000000, 2430.801399, 2.960815, 360.000000, -33.274001, 2927.182654
[20][31] = 2.000000, 2454.807769, 2.995850, 360.000000, -33.018423, 2947.181415
[20][32] = 2.000000, 2479.291600, 2.791382, 360.000000, -32.761325, 2968.080137
[20][33] = 2.000000, 2503.831290, 2.861938, 360.000000, -32.507190, 2988.578901
[20][34] = 2.000000, 2528.720746, 2.799561, 360.000000, -32.252996, 3009.677647
[20][35] = 2.000000, 2554.221870, 3.149536, 360.000000, -31.996210, 3030.576422
[20][36] = 2.000000, 2579.818390, 3.253052, 360.000000, -31.742116, 3052.075179
[20][37] = 2.000000, 2605.925863, 3.404175, 360.000000, -31.486649, 3073.973931
[20][38] = 2.000000, 2632.285311, 3.229126, 360.000000, -31.232436, 3096.772651
[20][39] = 2.000000, 2659.303021, 3.583374, 360.000000, -30.975678, 3119.171411
[20][40] = 2.000000, 2687.498787, 3.611816, 360.000000, -30.711752, 3143.270097
[20][41] = 2.000000, 2714.901861, 3.732788, 360.000000, -30.459109, 3166.568845
[20][42] = 2.000000, 2743.327379, 4.124878, 360.000000, -30.200982, 3190.267591
[20][43] = 2.000000, 2771.893029, 4.253906, 360.000000, -29.945547, 3214.666319
[20][44] = 2.000000, 2800.562976, 4.753906, 360.000000, -29.693094, 3238.465096
[20][45] = 2.000000, 2830.002560, 5.310181, 360.000000, -29.437861, 3262.863862
[20][46] = 2.000000, 2859.916507, 5.748901, 360.000000, -29.182578, 3287.962611
[20][47] = 2.000000, 2890.316948, 6.078369, 360.000000, -28.927250, 3313.761345
[20][48] = 2.000000, 2921.043989, 6.330566, 360.000000, -28.673297, 3340.060074
[20][49] = 2.000000, 2952.615713, 6.676270, 360.000000, -28.416582, 3366.958795
[20][50] = 2.000000, 2984.355226, 7.117065, 360.000000, -28.162718, 3393.857537
[20][51] = 2.000000, 3016.633566, 7.381958, 360.000000, -27.908782, 3421.656257
[20][52] = 2.000000, 3049.629321, 7.827515, 360.000000, -27.653523, 3449.754984
[20][53] = 2.000000, 3083.400768, 7.829468, 360.000000, -27.396681, 3479.553657
[20][54] = 2.000000, 3117.375665, 7.945190, 360.000000, -27.142699, 3509.352352
[20][55] = 2.000000, 3151.930653, 8.276978, 360.000000, -26.888808, 3539.251065
[20][56] = 2.000000, 3187.487968, 8.584961, 360.000000, -26.632105, 3570.149757
[20][57] = 2.000000, 3223.475359, 9.088867, 360.000000, -26.376885, 3601.048472
[20][58] = 2.000000, 3259.929595, 9.270142, 360.000000, -26.122945, 3633.147161
[20][59] = 2.000000, 3297.459128, 9.505737, 360.000000, -25.866224, 3666.145836
[20][60] = 2.000000, 3335.455793, 10.122070, 360.000000, -25.611053, 3698.744551
[20][61] = 2.000000, 3373.988453, 10.064819, 360.000000, -25.357036, 3733.443207
[20][62] = 2.000000, 3413.451979, 10.267212, 360.000000, -25.101717, 3768.441877
[20][63] = 2.000000, 3454.113365, 10.572266, 360.000000, -24.843633, 3804.340538
[20][64] = 2.000000, 3495.137546, 10.540039, 360.000000, -24.588237, 3841.439181
[20][65] = 2.000000, 3536.710026, 10.949951, 360.000000, -24.334407, 3878.037867
[20][66] = 2.000000, 3579.572768, 11.451538, 360.000000, -24.077804, 3915.636543
[20][67] = 2.000000, 3623.077576, 11.684814, 360.000000, -23.822513, 3954.535200
[20][68] = 2.000000, 3667.232947, 11.740845, 360.000000, -23.568568, 3994.533846
[20][69] = 2.000000, 3712.521520, 12.195679, 360.000000, -23.313358, 4034.632516
[20][70] = 2.000000, 3758.736839, 12.964233, 360.000000, -23.058253, 4074.831209
[20][71] = 2.000000, 3806.227243, 13.152832, 360.000000, -22.801554, 4117.729842
[20][72] = 2.000000, 3856.075203, 13.429688, 360.000000, -22.537872, 4162.628441
[20][73] = 2.000000, 3903.443167, 14.273682, 360.000000, -22.292613, 4203.827182
[20][74] = 2.000000, 3954.053699, 15.045288, 360.000000, -22.036104, 4248.225853
[20][75] = 2.000000, 4006.984685, 15.138672, 360.000000, -21.773771, 4296.624436
[20][76] = 2.000000, 4059.953780, 15.495361, 360.000000, -21.517134, 4344.423066
[20][77] = 2.000000, 4113.860721, 15.536011, 360.000000, -21.261807, 4394.021677
[20][78] = 2.000000, 4168.698882, 15.735718, 360.000000, -21.007934, 4444.120306
[20][79] = 2.000000, 4224.806254, 16.093872, 360.000000, -20.754110, 4495.018943
[20][80] = 2.000000, 4282.926671, 15.797363, 360.000000, -20.497292, 4549.717513
[20][81] = 2.000000, 4341.818237, 15.197876, 360.000000, -20.243200, 4606.116074
[20][82] = 2.000000, 4402.155630, 14.385498, 360.000000, -19.989057, 4664.614619
[20][83] = 2.000000, 4463.949964, 14.014282, 360.000000, -19.735047, 4723.313194
[20][84] = 2.000000, 4527.598374, 14.293213, 360.000000, -19.479819, 4781.911807
[20][85] = 2.000000, 4592.530173, 14.234009, 360.000000, -19.225905, 4842.810401
[20][86] = 2.000000, 4659.128686, 14.226685, 360.000000, -18.972008, 4905.208997
[20][87] = 2.000000, 4728.209488, 14.515991, 360.000000, -18.715387, 4969.107595
[20][88] = 2.000000, 4798.395948, 14.239380, 360.000000, -18.461427, 5035.906168
